,channel,post,score
0,Раньше всех. Ну почти.,"⚡️Европейские страны, которые договорятся об отправке воинского контингента на Украину якобы для наблюдательной миссии, могут сделать это без согласия России, заявил президент Франции Эмманюэль Макрон в интервью газете Le Parisien. 

""Украина - суверенная страна. Если она попросит союзные войска о присутствии на своей территории, то это не России решать, соглашаться или нет"", - сказал он. 

Как утверждает газета, франко-британский план по отправке на Украину так называемых миротворцев находится на финальной стадии согласования.",6.3
1,РИА Новости,"Центральное командование США заявило, что для защиты американских интересов Штаты начали крупномасштабную операцию против хуситов в Йемене",5.9
2,Varlamov News,"Останин рассказал, что в его выступлении говорилось про «попрошайку в метро, который катается без ног на скейте уже лет как 20», «про таких шутили еще со времен Comedy Club» — «Осторожно, новости»

«Про СВО в шутке нет ни слова и речи об этом даже близко не идет, остальное вымысел блогеров. И, на удивление, федеральных СМИ. На меня накинулись, потому что изначально вся информация в этих каналах подавалась под таким соусом. Критическое мышление к вопросу, естественно, никто не подключал».",2.1
3,Медуза — LIVE,"Главные новости 15 марта 

✹ Павел Дуров с разрешения властей уехал из Франции, [сообщило] AFP со ссылкой на источники.

✹ Администрация Трампа планирует запретить гражданам России и Беларуси въезд в США по иммиграционным и туристическим визам — [NYT] 

✹ В Белграде больше 100 тысяч человек [протестуют] против правительства. Фермеры приехали на тракторах. Автомобиль [сбил] трех протестующих. 

✹ Нобелевский лауреат Даниэль Канеман совершил ассистированное самоубийство, [сообщил] WSJ. 

✹ [Убит] лидер «Исламского государства» в Ираке и Сирии. 

———

[Текст дня] Путин говорит, что согласен на 30-дневное прекращение огня с Украиной, «но есть нюансы» Разбираемся в этих нюансах вместе с политологом Михаилом Коминым.",6.5
4,Раньше всех. Ну почти.,"Водитель BMW сбил 5 человек в центре Москвы, в том числе двоих несовершеннолетних, предварительно, предварительно, он был пьян, поэтому направлен на медосвидетельствование, сообщили РИА Новости в ГУ МВД. Всего вместе с водителем пострадали шесть человек. 

В столичном СК сообщили, что по факту наезда иномарки в Москве на остановку общественного транспорта возбуждено уголовное дело.",3.1
5,РИА Новости,"Франция рассматривает запрос Киева на поставку дистанционно управляемых ракет и дронов, пишет Parisien со ссылкой на Макрона",4.9
6,Varlamov News,"Против стендапера Артемия Останина возбуждено уголовное дело об экстремизме — СК

«Останин в ходе публичного выступления в городе Москве высказывал негативные и оскорбительные комментарии в адрес участника специальной военной операции. Указанное выступление было опубликовано в сети Интернет».

Во время выступления Останин рассказал, что в метро ему на ногу наехал мужчина с инвалидностью: «подкралась  культяпковозка», «кидаю взгляд вниз, а там этот скейтер без ног сидит», «просто чувак  на мине подорвался».",2.1
7,Медуза — LIVE,"В Армении [отпустили] из полиции Николая Зонова, задержанного при подаче документов на гражданство. В России его разыскивают по делу о дезертирстве

О том, что россиянина отпустили, рассказала его жена Аревик Зонова. 15 марта истек  максимальный срок задержания — 72 часа. 

Николая Зонова задержали 12 марта, когда подавал документы на гражданство Армении. Тогда ему сообщили, что в России в отношении него расследуют уголовное дело по статье о самовольном оставлении части.

Зонов — шеф-повар из Кировской области. Он переехал в Армению из России осенью 2023 года, после чего не возвращался в Россию. Спустя год после переезда его пригласили подать документы на гражданство Армении на основании того, что он женат на гражданке Армении и прожил в стране в течение года.",2.2
8,Раньше всех. Ну почти.,"⚡️Трамп приказал ВС США начать военные действия против хуситов в Йемене

По словам американских чиновников, бомбардировка призвана послать предупредительный сигнал Ирану, с которым Трамп хочет заключить ядерную сделку.

Девять человек погибли, девять ранены в результате удара США и Британии по Йемену, передает телеканал Al Mayadeen.",6.2
9,РИА Новости,"МВД Сербии, ранее сообщившее об инцидентах на несогласованной акции в центре Белграда, распространило последнее предупреждение для зачинщиков беспорядков. На площади перед городским собранием дежурит бригада полицейского спецназа в спецэкипировке.",2.8
10,Varlamov News,"Армия США начинает «решительные и мощные» действия против хуситов в Йемене, которые нападают на американские и другие корабли, «мы применим подавляющую смертоносную силу, пока не добьемся своей цели» — Трамп

«Уже более года ни одно коммерческое судно под флагом США не проходило безопасно через Суэцкий канал, Красное море или Аденский залив. Последний американский военный корабль, проходивший через Красное море четыре месяца назад, подвергся десяткам атак со стороны хуситов. <…>

Эти бесконечные нападения обошлись экономике США и всего мира в миллиарды долларов, а также поставили под угрозу жизни невинных людей. <…>

Наши отважные бойцы прямо сейчас наносят авиаудары по базам террористов, их лидерам и ракетной обороне, чтобы защитить американские суда, авиацию и военно-морские силы, а также восстановить свободу судоходства. <…>

Всем террористам-хуситам: ваше время истекло, ваши атаки должны прекратиться с сегодняшнего дня. Если этого не произойдет, на ваши головы обрушится ад, которого вы еще никогда не видели.

Ирану: поддержка террористов-хуситов должна прекратиться немедленно. Не смейте угрожать американскому народу. <…> Если осмелитесь — будьте начеку, потому что Америка возложит на вас полную ответственность».",6.6
11,Медуза — LIVE,"Путин говорит, что согласен на 30-дневное прекращение огня с Украиной, «но есть нюансы». Разбираемся в этих нюансах вместе с политологом Михаилом Коминым

Владимир Путин заявил, что Москва в целом согласна на прекращение огня с Украиной, которое предложили США. Но тут же добавил, что «есть нюансы» — и задал больше десятка вопросов. 

По мнению Путина, Россия и США должны обсудить, например, будут ли сдаваться в плен украинские военные, которые находятся в Курской области, а также сможет ли Украина во время прекращения огня продолжать мобилизацию и получать вооружение от союзников. 

«Медуза» узнала у политолога и приглашенного исследователя Центра анализа европейской политики Михаила Комина, возможна ли приостановка боевых действий на предложенных Путиным условиях, и как обычно выглядит такой процесс.

———

Открыть [с VPN] |[ без VPN]",6.4
12,Раньше всех. Ну почти.,"❗️Трамп заявил, что назначил Кита Келлога спецпосланником на Украине, который будет напрямую общаться с украинским руководством",5.5
13,РИА Новости,"Макрон, ранее уже неоднократно выступавший с агрессивными антироссийскими высказываниями, заявил, что европейские страны, если Киев попросит, могут направить свои контингенты на Украину без учета позиции РФ. 

В МИД РФ ранее заявили, что планы некоторых стран ЕС направить миротворцев на Украину - это провокационный шаг. Пресс-секретарь президента РФ Дмитрий Песков ранее заявлял, что размещение миротворцев возможно только с согласия сторон того или иного конфликта. Россия не будет считать «миротворцами» иностранных военных, которых хотят разместить на Украине в рамках возможного контингента, у них будет ""более рискованный статус"", заявлял постпред РФ при международных организациях в Вене Михаил Ульянов.",6.8
14,Varlamov News,"На данный момент из реестра лиц, связь с которыми утратили родственники, исключено 378 фамилий, они найдены — врио главы Курской области Хинштейн",2.8
15,Медуза — LIVE,"В Белграде больше 100 тысяч человек протестуют против правительства. Фермеры приехали на тракторах. Фотография

На митинг против президента Александра Вучича собрались 107 тысяч протестующих (оценка МВД Сербии) со всей страны. Среди них — студенты, фермеры на тракторах, байкеры на мотоциклах, а также ветераны элитных подразделений вооруженных сил. 

Это крупнейший из целой серии антиправительственных митингов, которые проходят в Сербии с ноября 2024 года. Тогда в городе Нови-Сад обрушился бетонный навес на вокзале, погибли 15 человек. Многие граждане [считают] что навес обрушился из-за некачественной реконструкции, и винят в гибели людей коррупцию.",3.9
16,Раньше всех. Ну почти.,"В протесте студентов и сторонников оппозиции в субботу в Белграде участвовали 107 тысяч человек, значимых инцидентов не было, заявила пресс-служба МВД Сербии. 

Очевидцы сообщают, что в протестах приняли участие более [полумиллиона] человек.",4.8
17,РИА Новости,Десантники из Бурятии выводят местных жителей курской Суджи из наиболее обстреливаемых ВСУ районов города,2.9
18,Varlamov News,"Зеленский утвердил состав переговорной группы для мирных переговоров, в нее вошли глава офиса президента Ермак, его заместитель Палиса, глава МИД Сибига и министр обороны Умеров.",6.6
19,Медуза — LIVE,"В США в результате шторма [погибли] не менее 16 человек

В штате Миссури, по данным властей, погибли не менее 10 человек. Более 316 тысяч человек остались без электричества.

В штате Арканзас в результате торнадо погибли три человека и не менее 29 получили ранения. В Арканзасе из-за гроз и торнадо ввели чрезвычайное положение.

Кроме того, три человека погибли в результате ураганов в районе города Амарилло, штат Техас.",5.4
20,Раньше всех. Ну почти.,❗️Замглавы правительства Сербии Александар Вулин не исключил попытку захвата президента Республики Сербской (энтитет Боснии и Герцеговины) Милорада Додика сегодня ночью силами военного контингента ЕС в стране (EUFOR) по плану западных спецслужб.,4.8
21,РИА Новости,МВД Сербии сообщило о ряде инцидентов и потасовок на несогласованной акции в Белграде,2.7
22,Varlamov News,"Павел Дуров уехал из Франции в Дубай по разрешению суда — AFP

Во Франции против Дурова возбуждено уголовное дело, ему был запрещен выезд из страны.",3.1
23,Медуза — LIVE,"Российская армия [вернула] под свой контроль два населенных пункта под Суджей. И теперь полностью контролирует дорогу к границе

Минобороны РФ объявило о взятии под контроль села Заолешенка и деревни Рубанщина. 

Российские телеграм-каналы распространили видеозапись, снятую возле магазина «Пятерочка» в центре Заолешенки.

Как отмечает «Украинская правда», карты Генштаба ВСУ и украинского OSINT-проекта DeepState, близкого к Минобороны Украины, свидетельствуют, что Россия вернула под свой контроль как Рубанщину, так и Суджу. Российская сторона сообщала об освобождении Суджи 13 марта.

Теперь российские военные полностью контролируют дорогу, ведущую к пропускному пункту «Суджа», который удерживают украинские силы.",4.9
24,Раньше всех. Ну почти.,"❗️Трамп назвал ""больными дегенератами"" те СМИ, которые писали о якобы девятичасовом ожидании спецпосланником Уиткоффом встречи с Путиным.

«Фейковые новости, как обычно, снова взялись за дело! Почему они не могут быть честными хотя бы раз?», заявил Трамп. 

Он отметил, что на самом деле никакого ожидания не было, а указанные сообщения являются попыткой унизить.",2.5
25,РИА Новости,"Уголовное дело возбуждено в Москве по факту размещенных в интернете оскорбительных высказываний стендап-комика Артемия Останина в адрес участника СВО, сообщили в столичном СК",3.1
26,Varlamov News,"Новая Гражданская война или геноцид в Сирии?

В двух сирийских провинциях — Латакия и Тартус — произошли массовые внесудебные казни алавитов. По некоторым оценкам, число жертв превысило 1,5 тысячи. Все началось с нападения на правительственный патруль сторонников Башара Асада, но быстро переросло в погромы и резню.

Что стоит за вспышкой насилия? Правда ли это похоже на геноцид? При чем тут Турция, Израиль и Россия? И есть ли шанс, что Сирия снова погрузится в гражданскую войну? Разбираюсь в новом ролике:



Закрытый канал со мной и командой, в котором можно обсудить ролик: ",6.5
27,Медуза — LIVE,"Три текста «Медузы», которые вы могли пропустить на этой неделе

✹ Власти [хотят] обязать банки выявлять россиян, которые живут за границей. Чтобы собрать с них больше налогов. Какие именно налоги вырастут? А скрыть, что я не в России, получится?

✹ «Чужие нас не обижали. А от своих помощи мы уже и перестали ждать». Российские войска освободили Суджу. Вот что жители города [рассказывают] об украинской оккупации, которая длилась семь месяцев. 

✹ Артем Дзюба [побил] рекорд Александра Кержакова и стал лучшим бомбардиром в истории России. Но, кажется, этому мало кто рад Все из-за непростого характера — футболист конфликтовал буквально со всеми. 

———

Все эти материалы откроются без VPN. Если хотите почитать их позже — перешлите этот пост в свою папку «Избранное» (Saved Messages).",3.1
28,Раньше всех. Ну почти.,"В США сотрудники ""Голоса Америки"" начали получать уведомления о принудительной отправке в административные отпуска после подписанного президентом США Дональдом Трампом указа о сокращении функций ряда ведомств, включая агентство по глобальным медиа (USAGM), сообщает телеканал ABC News. 

Ранее Трамп подписал указ по максимальному сокращению функций и работы сотрудников нескольких ведомств для борьбы с бюрократией, среди них названо правительственное агентство США по глобальным медиа (USAGM), которое контролирует ""Радио Свободная Европа/Радио Свобода"" и ""Голос Америки"".",4.8
29,РИА Новости,"Обстановка перед городским собранием Белграда, где прошла акция студентов и сторонников оппозиции, накаляется. На площади появились агрессивно настроенные группы молодых людей спортивного вида, на многих капюшоны и маски. 

У здания городского собрания дежурит полиция в экипировке, в ее сторону ранее было брошено несколько предметов.",4.4
30,Varlamov News,"Профессиональные права бывших адвокатов Навального Вадима Кобзева и Алексея Липцера были нарушены прослушиванием их свиданий наедине с осужденным в исправительной колонии — глава комиссии совета Федеральной палаты адвокатов (ФПА) России по защите прав адвокатов Генри Резник

«Разрешение Владимирского областного суда на прослушивание свидания лица, лишенного свободы (в данном случае — осужденного), с адвокатами наедине беспрецедентно. За все время существования российского правосудия не известен ни один такой случай. Более того, они отсутствовали и в период существования Советского Союза (тогда — с санкции прокурора)».

Комиссия ФПА сделала заключение в ответ на обращение адвокатов, представляющих интересы Кобзева и Липцера. Комиссия отметила, что, согласно закону, свидания адвокатов с осужденными предоставляются «наедине, вне пределов слышимости третьих лиц и без применения технических средств прослушивания», и назвала «неправомерной» попытку суда «преодолеть категорический запрет прослушивания».

В выводах комиссии говорится, что при этом все ее члены «в полной мере осознают необходимость изобличения тех адвокатов, которые совершают преступления с использованием своего профессионального статуса, но считают, что у государства достаточно возможностей для того, чтобы осуществлять эту деятельность законными средствами».

В январе суд во Владимирской области приговорил бывших адвокатов Навального Кобзева, Липцера и Игоря Сергунина к срокам от трех с половиной до пяти с половиной лет колонии по делу об участии в экстремистском сообществе. Юлия Навальная ранее сообщала, что за встречами ее мужа с адвокатами в колонии следили при помощи скрытых камер.",4.8
31,Медуза — LIVE,"«Киев победил на переговорах с США. Россия хочет окружить ВСУ, и мы знаем где». Зеленский выступил перед журналистами. Краткий пересказ

Все считают, что Украина победила на переговорах с США. Соединенные Штаты поднимали вопрос оккупированных территорий — Украина не признает их российскими. Гарантии безопасности от союзников, как и решение по членству Украины в НАТО, не может зависеть от желания России. 

Если россияне не готовы прекратить огонь на 30 дней, то они не согласны с предложением Трампа. На режим тишины может понадобиться не 30 дней, а чуть больше, главное, чтобы США не поддавались на российское «но». 

Если россияне нарушат режим тишины, то мы продолжим защищаться. Путин лжет, что украинские военные окружены в Курской области. Армия РФ хочет окружить украинские войска на курском направлении, но не на территории России, а в Украине, и мы знаем где.

———

Это краткий пересказ [заявлений] президента Украины Владимира Зеленского, сделанных после онлайн-встречи с «коалицией готовых» — группой стран Запада, добивающихся мира в Украине. На основе сообщений украинских медиа ([1] [2] Высказывания отредактированы, но их смысл полностью сохранен.",6.4
32,Раньше всех. Ну почти.,"Администрация США предупреждает террористов по всему миру, что их найдут, если они будут угрожать американским интересам, заявил помощник президента США Дональда Трампа по национальной безопасности Майк Уолтц. 

""Террористы, где бы вы ни были: вас взяли на заметку. Если вы угрожаете нашей родине, президент Трамп найдет вас"", - написал он в социальной сети X.",5.1
33,РИА Новости,"Военнослужащие 11-й отдельной десантно-штурмовой бригады группировки ""Север"", действуя у Махновки под Суджей, захватили бронированную командно-штабную машину американского производства М577, сообщил РИА Новости офицер с позывным ""Витязь""",3.1
34,Varlamov News,"Новая украинская ракета «Долгий Нептун» прошла испытание и «успешное боевое применение», «дистанция — тысяча километров» — Зеленский",5.9
35,Медуза — LIVE,"При Асаде в Сирии пропали без вести 150 тысяч человек. Массовые захоронения находят в братских могилах, подвалах и на складах. Фотографии 

Сирийская волонтерская организация «Белые каски» отыскивает братские могилы жертв гражданской войны и занимается идентификацией и перезахоронением погибших. 

По приблизительным оценкам, около 150 тысяч человек, убитых режимом Башара Асада в ходе карательных операций, остались без достойного погребения.

Больше кадров — по [ссылке] Она откроется без VPN.",5.5
36,Раньше всех. Ну почти.,"❗️Путин, Лукашенко и Рахмон проводят 15 марта неформальную встречу и связались по телефону с Алиевым.

Об этом сообщили в Кремле.

Лидеры РФ, Белоруссии, Таджикистана и Азербайджана договорились встретиться 9 мая в Москве, отметили в Кремле.",3.8
37,РИА Новости,"В столичном депздраве сообщили, что в результате аварии на Кожевнической улице в Москве пострадали 6 человек, в том числе двое детей, все пострадавшие находятся в состоянии средней степени тяжести, они госпитализированы",2.6
38,Varlamov News,"Операция ВСУ «в определенных районах Курской области продолжается», «подразделения выполняют задачи именно так, как это нужно», «благодаря украинским силам в Курской области было отвлечено значительное количество российских сил по другим направлениям», «наши войска продолжают cдерживать соответствующие группировки России и Северной Кореи», «окружения наших войск нет» — Зеленский",6.0
39,Медуза — LIVE,"Нобелевский лауреат Даниэль Канеман совершил ассистированное самоубийство — [The Wall Street Journal ]

Лауреат Нобелевской премии по экономике умер 27 марта 2024 года. Автор WSJ Джейсон Цвейг сообщил, что Канеман совершил ассистированное самоубийство в Швейцарии. Перед этим он провел несколько дней вместе со своей семьей в Париже. За день до смерти он отправил по электронной почте личные послания нескольким десяткам самых близких ему людей. Он написал:

«Это прощальное письмо, которое я отправляю друзьям, чтобы сообщить, что я отправляюсь в Швейцарию, где 27 марта закончится моя жизнь».


Джейсон Цвейг рассказал, что узнал об этом письме от нескольких человек, знавших Канемана. 

———

Даниэль Канеман — один из основоположников поведенческой экономики, направления, которое изучает влияние социальных, когнитивных и эмоциональных факторов на принятие людьми тех или иных экономических решений. Подробнее о нем мы [рассказывали] в 2024 году.",4.6
40,Раньше всех. Ну почти.,"Сотрудники МЧС эвакуировали из Суджанского района Курской области уже 301 россиянина, сообщила пресс-служба МЧС РФ.",3.2
41,РИА Новости,"Трамп сообщил, что отдал приказ американским военным начать ""решительные и мощные"" действия против йеменских хуситов",5.8
42,Varlamov News,"В Белграде автомобиль наехал на трех человек на акции протеста, 50-летний водитель задержан — МВД/Blic

Пострадавших доставили в центр неотложной помощи — телеканал N1


Если вы сейчас находитесь в Сербии, то обязательно вступайте в чат: 

Чаты по другим странам: ",2.3
43,Медуза — LIVE,"Дурову разрешили покинуть Францию «на несколько недель» — [источник AFP] 

Другой собеседник агентства заявил, что основатель Telegram уехал из страны сегодня утром.  

Представитель компании отказался от комментариев, когда с ним связалось AFP. Он добавил, что компания позже выступит с заявлением.",2.2
44,Раньше всех. Ну почти.,"В Минобороны России пересмотрят нормы снабжения вещевым имуществом для штурмовиков

Отмечается, что военнослужащих освободят от необходимости сдачи на склад всесезонного комплекта полевого обмундирования, поручил замминистра Булыга.",3.9
45,РИА Новости,"Трамп заявил, что назначил Кита Келлога спецпосланником на Украине, который будет напрямую общаться с украинским руководством",4.9
46,Varlamov News,"Из освобожденных населенных пунктов Курской области с 12 марта эвакуировано 275 человек, включая 11 детей — врио губернатора Хинштейн",4.1
47,Медуза — LIVE,"Зеленский [утвердил] состав группы, которая будет вести переговоры о мире 

В ее состав вошли: 

✹ глава офиса президента Украины Андрей Ермак;
✹ его заместитель Павел Палиса;
✹ министр иностранных дел Андрей Сибига;;
✹ министр обороны Украины Рустем Умеров.

Делегацию возглавит Ермак. В таком же составе украинская делегация встречалась с представителями США в Джидде 11 марта, [отмечает] «Громадське».",6.1
48,Раньше всех. Ну почти.,"⚡️Полиция Белграда задержала мужчину, который заявил о намерении взорвать администрацию президента страны Александра Вучича, сообщила пресс-служба МВД республики.

В отделение полиции доставили мужчину 1972 года рождения. Гражданин заявил охранникам в центре города, что принес с собой две бомбы и готов взорвать их в здании офиса президента — он находится в 10 минутах от места, где задержали мужчину.",4.8
49,РИА Новости,"Водитель BMW сбил 5 человек в центре Москвы, в том числе двоих несовершеннолетних; по предварительным данным, он был пьян, поэтому направлен на медосвидетельствование, сообщили РИА Новости в ГУ МВД. Всего вместе с водителем пострадали шесть человек. 

В столичном СК сообщили, что по факту наезда иномарки в Москве на остановку общественного транспорта возбуждено уголовное дело.",3.5
50,Varlamov News,"Предложение украинским военным сложить оружие в Курской области «пока действует», но «у них время сокращается, как шагреневая кожа» — Песков/ТАСС",5.3
51,Медуза — LIVE,"❗️Павел Дуров [покинул] Францию и отправился в Дубай по разрешению суда 

Об этом сообщили СМИ со ссылкой на агентство AFP. Oснователь Telegram был задержан в Париже в августе 2024 года. Ему предъявили обвинения в ряде преступлений, связанных с организованной преступностью — в том числе в соучастии в распространении наркотиков и детской порнографии, а также в отказе предоставлять информацию по запросам уполномоченных органов.  

Через несколько дней после задержания Дурова отпустили под залог с обязательством отмечаться в полиции. Ему запретили покидать Францию. 

В феврале 2025 года [стало известно] что дело Дурова будет передано в суд не раньше, чем через год",5.1
52,Раньше всех. Ну почти.,❗️Криптовалюта TON растет почти на 17% на фоне новостей о разрешении Дурову покинуть Францию,4.9
53,РИА Новости,"В результате столкновения грузовика с поездом в Ярославской области травмы различной степени тяжести получили 10 пассажиров поезда, водитель грузовика госпитализирован, сообщили в региональной Госавтоинспекции",3.3
54,Varlamov News,"Администрация Трампа рассматривает возможность ужесточения правил въезда в США для граждан 43 стран, в том числе России и Беларуси — источники The New York Times

По данным газеты, предполагается создание «красного», «оранжевого» и «желтого» списков стран, в отношении которых могут быть введены визовые ограничения. Гражданам стран из «красного» списка въезд будет категорически запрещен, в этот перечень могут войти, в частности, Афганистан, Куба, Иран, КНДР, Сирия и Венесуэла. 

«Оранжевый» список, как пишет NYT, предполагает разрешение на въезд только «состоятельным деловым путешественникам», но не людям, путешествующим по иммиграционной или туристической визе. Гражданам стран из «оранжевого» списка также придется проходить собеседования для получения визы. В этот перечень вошли Россия, Беларусь, Эритрея, Гаити, Лаос, Мьянма, Пакистан, Сьерра-Леоне, Южный Судан и Туркменистан.

Участникам «желтого» списка, куда могут войти 22 страны, будет предоставлено 60 дней на устранение предполагаемых недостатков, в противном случае государство могут перенести в «красный» или «оранжевый» список.

По данным NYT, списки пока обсуждаются и могут быть скорректированы.",5.8
55,Медуза — LIVE,"Трамп [распорядился] максимально сократить персонал семи федеральных агентств. Среди них — агентство, отвечающее за «Голос Америки» и «Радио Свобода»  

В своем указе Трамп потребовал «ликвидировать в максимальной степени неуставные компоненты и функции» агентств, а также заявил, что организации «должны сократить выполнение своих уставных функций и соответствующий персонал до минимального присутствия и функций, требуемых по закону».

Речь идет в том числе об Агентстве США по глобальным медиа (USAGM), которое курирует медиакорпорацию «Радио Свободная Европа/Радио Свобода» и «Голос Америки». По решению конгресса оно считается независимым агентством.

Главы всех семи агентств должны до 21 марта представить в бюджетное управление Белого дома отчет о том, что они полностью выполнили требования указа. 

———

Обновлено. Журналисты «Голоса Америки» получили уведомления о том, что их отправили в административный отпуск, [сообщил] журналист The New York Times Дэвид Энрич.",4.2
56,Раньше всех. Ну почти.,"❗️Западные страны переходят к обсуждению операционных деталей отправки миротворческих сил на Украину, сообщил премьер-министр Великобритании Кир Стармер. 

Стармер заявил, что военачальники из стран ""коалиции желающих"" соберутся 20 марта в Лондоне для обсуждения конкретных шагов по размещению своих войск на Украине с целью, как утверждают эти страны, обеспечения мира после урегулирования конфликта. 

Британский премьер добавил, что по итогам саммита ряд стран взяли на себя ""конкретные обязательства"" по участию в миссии ""миротворческих сил"" на Украине, не став раскрывать детали договоренностей. При этом Стармер отметил, что считает важными гарантии безопасности со стороны США для этого воинского контингента. 

""Я ясно дал понять, что это должно быть сделано в сочетании с Соединенными Штатами. Мы говорим с американской стороной ежедневно"", - заявил он.",6.9
57,РИА Новости,"Трамп подписал закон о финансировании правительства США до 30 сентября 2025 г, после того как ранее документ поддержали обе палаты конгресса",5.6
58,Varlamov News,"Космический корабль Starship будет запущен на Марс с роботом Optimus на борту в конце 2026 года, если такие полеты пройдут успешно, то миссии на Марс с людьми могут начаться уже в 2029 году, «хотя более вероятен 2031 год» — Илон Маск",8.4
59,Медуза — LIVE,"Война глазами читателей «Медузы». Сегодня мы публикуем письмо Михаила из Москвы

К сожалению, многие россияне жалуются «Медузе» на изменившуюся жизнь, пишут «а мы-то в чем виноваты?!», обвиняют Украину в случайной гибели нескольких мирных жителей российских городов. Думаю, такие письма и в самом деле преобладают, — ровно те же слова я слышу почти каждый день в рабочем офисе. Пытаюсь объяснить коллегам, что нельзя нападать на соседнюю страну, убивать и насиловать ее граждан, оккупировать и вписывать в свою конституцию чужие регионы. Но окружающие меня — словно ослепленные башнями-излучателями герои мира «Обитаемого острова». Часто мне приходится участвовать в отраслевых совещаниях, меня корежит от слов «СВО», «новые регионы», но люди легко без запинки используют этот новояз.

Сложно в нескольких словах описать последние три года жизни. Та боль, которую принес февраль 2022 года, по-прежнему со мной, она не ослабла, не притупилась, я просто научился с ней жить. Три года каждый день читаю новости, отыскивая в них хоть что-то, что даст лучик надежды на увеличение помощи Украине в сопротивлении агрессору или на скорое истощение путинской армии. С каждым очередным преступлением путинского режима думаешь, что хуже уже и быть не может, но реальность преподносит все новые и новые зверства. Конца не видно этой проклятой войне — пока путин жив, будет идти война, посему как путин и есть война. Эти мысли приводят меня в отчаяние, и еще мне стыдно и горько, что я ничего не сделал для борьбы с тираном...

Но есть и немного хорошего. Главное — я освоил украинский язык, слушаю, читаю, и не только новости. В 2022 году я случайно пришел в украинский разговорный клуб, но жаль, не знал о нем раньше. Это было здорово, мы читали стихи и пьесы по ролям. Очные встречи по понятным причинам прекратились и переместились в телеграм-чат, наполненный и маленькими радостями, и общей болью за Украину. Два товарища, с которыми я до 2022 года изредка общался в формате поздравлений раз в год с днем рождения, стали близкими мне единомышленниками, мы обмениваемся новостями, ощущениями и надеждами. Но другие некогда близкие мне люди, обнаружившие провоенную или просто равнодушную позицию, ушли из моей жизни.

Я верю, что Украину ждет светлое будущее. Если бы путин и его миньоны потрудились познакомиться с украинской историей и культурой, а не убеждали себя в том, что Украина и украинцы придуманы Лениным, возможно, они поняли бы тщетность нападения на эту страну. Я восхищаюсь украинцами и склоняю голову перед их стойкостью и волей к борьбе за свою свободу. «Солодше нам у бою умирати, ніж жити в путах, мов німі раби» — хочется, чтобы и у россиян появился такой же знакомый каждому девиз сопротивления тирании и самовластию.
 
Чтобы прочитать письмо до конца, нажмите на цитату — оно раскроется полностью.

———

Недавний опрос в Украине показал, что ровно половина жителей страны не готова идти на территориальные уступки — даже если это будет означать затягивание войны и угрозу потери независимости. Если вы из Украины, пожалуйста, поделитесь своим мнением по этому вопросу с «Медузой» через [форму] обратной связи.",8.0
60,Раньше всех. Ну почти.,"⚡️Все считают, что Украина победила [на переговорах с США в Саудовской Аравии] — Зеленский",5.5
61,РИА Новости,"BMW выехал на тротуар на Кожевнической улице в центре Москвы, пострадали пешеходы, им оказывается помощь, водитель имеет признаки опьянения, сообщила прокуратура",3.4
62,Varlamov News,Я был «немного саркастичен» — Трамп в интервью журналистке Шерил Аткиссон о своих предвыборных обещаниях добиться перемирия между Россией и Украиной за 24 часа,4.5
63,Медуза — LIVE,"1116-й день войны. Главное

Накануне Дональд Трамп заявил, что  «тысячи украинских солдат» оказались в окружении в Курской области. Вероятно, его заявление основано на оценке Пентагона, которую 15 марта привел телеканал NBC News. В то же время Генштаб ВСУ после заявления президента США сообщил, что слова об окружении не соответствуют действительности. Владимир Зеленский заявил 15 марта, что операция в Курской области продолжается. 

Подробнее читайте в военной хронике «Медузы».  

———

Открыть [с VPN] | [без VPN]",5.8
64,Раньше всех. Ну почти.,"⚡️На прекращение огня может не 30 дней понадобится, а немного больше — Зеленский",6.0
65,РИА Новости,"Три манифестации с лозунгами за мир состоялись в Риме в субботу, передает корреспондент РИА Новости.

На проевропейский митинг в центре города пришли около 30 тысяч человек, среди которых были активисты и политики, выступающие как за, так и против плана по перевооружению ЕС. В противовес оппозиционная непарламентская партия ""Cуверенная и народная демократия"" провела свой небольшой митинг с требованиями не увеличивать военные расходы.",4.1
66,Varlamov News,"Украинские военные в Курской области выполнили свою задачу, России пришлось оттянуть войска с покровского, харьковского и сумского направлений — Зеленский/«Суспильне»

«Сейчас ситуация очень сложная. Я могу только поблагодарить наших воинов за эту операцию».",5.7
67,Медуза — LIVE,"В Белграде автомобиль [въехал] в толпу на акции протеста

Об этом сообщила газета Blic. Водитель попытался скрыться, его задержала полиция. При задержании он оказал сопротивление. Трех пострадавших при наезде госпитализировали.

Протесты в  Белграде продолжаются уже более четырех месяцев. Они начались после того, как на железнодорожном вокзале в Нови-Саде 1 ноября 2024 года обрушился бетонный навес над входом в здание. При обрушении погибли 15 человек, двое получили серьезные травмы. Протестующие требуют наказать ответственных и отправить в отставку руководство страны.",4.7
68,Раньше всех. Ну почти.,"Украина утвердила состав переговорной группы по урегулированию конфликта

В неё вошли глава офиса Зеленского Андрей Ермак, его заместитель Павел Палиса, министр иностранных дел Андрей Сибига и министр обороны Украины Рустем Умеров.",5.7
69,РИА Новости,"В Курской области приступают к системной работе по формированию стратегии восстановления и развития освобожденных территорий, начали работу с Суджи и района, заявил врио губернатора Хинштейн.

Он сообщил, что поручил в ближайшее время провести опрос среди всех жителей Суджанского района, чтобы понять, сколько из них готовы вернуться.",3.8
70,Varlamov News,"У меня состоялся телефонный разговор с Трампом, состоялись первые контакты наших министров и помощников, «в целом ситуация как бы начинает двигаться, посмотрим, что из этого получится» — Путин",5.3
71,Медуза — LIVE,"«Проклятие „Зов могилы“» Чан Джэ-хёна — незаурядный корейский хоррор о национальном самосознании. Из-за названия картину почти не заметили в России, но это главный претендент на «азиатский „Оскар“»

16 марта в Гонконге в 18-й раз вручат «азиатские „Оскары“» — Asian Film Awards. Лидером по числу номинаций (11) стал фильм корейского режиссера Чан Дже Хёна «Exhuma», прошедший в российском прокате малозамеченным. Возможно, причина тому — одновременно шаблонное и тяжеловесное название, выбранное прокатчиками: «Проклятие „Зов могилы“». 

Антон Долин, тем не менее, считает, что эта незаурядная картина заслуживает пристального внимания. 

———

Открыть[ с VPN] | [без VPN]",2.6
72,Раньше всех. Ну почти.,⚡️Павел Дуров покинул Францию и отправился в Дубай по разрешению суда — AFP,3.8
73,РИА Новости,"Трамп назвал ""больными дегенератами"" те СМИ, которые писали о якобы девятичасовом ожидании спецпосланником Уиткоффом встречи с Путиным.

Фейковые новости, как обычно, снова взялись за дело! Почему они не могут быть честными хотя бы раз?

Он отметил, что на самом деле никакого ожидания не было, а указанные сообщения являются попыткой унизить.",2.7
74,Varlamov News,"Украинским военным в Курской области будут гарантированы жизнь и достойное обращение, если они сложат оружие — Путин в ответ на призыв Трампа",5.9
75,Медуза — LIVE,"В Пентагоне считают, что войска РФ «почти полностью окружили» украинские силы в Курской области. Генштаб ВСУ это отрицает 

О «почти полном окружении» украинских войск [сообщает] 15 марта NBC News со ссылкой на неназванного американского военного чиновника. По его словам, некоторые украинские подразделения во время отступления были вынуждены бросить технику. 

Источник отметил, что появляется все больше признаков того, что Россия может «очень скоро» вернуть Курскую область под свой контроль.

Два западных чиновника заявили NBC News, что «сдержанный ответ» Владимира Путина на предложение США ввести временный режим прекращения огня совпал с попыткой ВС РФ выбить украинских военных из Курской области. 

———

Генштаб ВСУ заявил 14 марта, что сообщения об «окружении» не соответствуют действительности и «создаются россиянами ради политических целей и давления на Украину и партнеров». Основные силы ВСУ смогли избежать окружения, [писала] «Медуза» в обзоре итогов битвы за Курскую область.",5.4
76,Раньше всех. Ну почти.,"❗️Британия не поддерживает идею распространения ядерного оружия в Европе, заявил Стармер на пресс-конференции по итогам онлайн-саммита по Украине.",5.0
77,РИА Новости,"В акции протеста в Белграде в субботу приняли участие 107 тысяч человек, значимых инцидентов не зафиксировано, сообщили в МВД Сербии",3.7
78,Varlamov News,"В Курской области введены временные ограничения на въезд в 122 населенных пункта; нарушители в случае получения ранений будут лишены мер соцподдержки — врио главы региона Хинштейн

«Многие, конечно же, хотят как можно скорее вернуться к себе домой или хотя бы забрать необходимые вещи, подготовить земельные наделы к весенне-полевым работам. Но делать это сейчас — крайне небезопасно. Территория заминирована и изобилует огромным количеством неразорвавшихся боеприпасов. <…>

Нашим военным необходимо время на то, чтобы отодвинуть линию боевого соприкосновения на безопасное расстояние, а также на разминирование территории. До окончания этих работ, пока мы не убедимся, что нашим людям ничего не угрожает, мы не можем себе позволить рисковать жизнями граждан».",4.4
79,Медуза — LIVE,"Федеральная палата адвокатов назвала нарушением прослушку свиданий Алексея Навального с адвокатами в колонии 

На [заключение] комиссии совета палаты, опубликованное 13 марта, [обратила внимание] «Медиазона». 

В документе идет речь о приговоре адвокатам Навального Вадиму Кобзеву, Алексею Липцеру и Игорю Сергунину. В январе они [получили] сроки от трех с половиной до пяти с половиной лет колонии по делу об участии в «экстремистском сообществе». 

Комиссия палаты адвокатов обращает внимание на то, что выданное Владимирским областным судом разрешение на прослушивание свидания Навального с адвокатами «беспрецедентно» для России и СССР. 

«Сама возможность законного прослушивания свидания адвокатов с подзащитными наедине подтачивает фундаментальную основу адвокатской профессии», — говорится в заключении. 


Комиссия пришла к выводу, что профессиональные права адвокатов были нарушены. При этом законность самого приговора Кобзеву, Липцеру и Сергунину в палате адвокатов комментировать не стали, отмечает «Медиазона». 

———

В декабре 2024 года соратники Алексея Навального [опубликовали] видео, которые были сняты скрытой камерой во время встреч политика с адвокатами в колонии.",6.3
80,Раньше всех. Ну почти.,Минобороны РФ [показало] кадры из освобожденной Суджи,5.0
81,РИА Новости,"Польские наемники ВСУ вели себя жестоко по отношению к мирному населению, они изнасиловали девочку и 73-летнюю пенсионерку, которую после хотели убить, рассказала РИА Новости эвакуированная жительница Суджи Валентина Щербакова",4.1
82,Varlamov News,"Представители Украины звонили Путину, он «разговаривал с некоторыми», но «это непубличная была договоренность, что они будут говорить»; публично Путин это пока не обнародует, но мне он рассказал — Лукашенко в интервью Скабеевой на телеканале «Россия-1»

«Значит хотите. Значит разговариваете. Пока тайком, чтобы журналисты, Ольга, не узнали. Ну, может быть, Владимир Владимирович рискнет и скажет, кто звонил. Звонили ему, чтобы поговорить».",5.0
83,Медуза — LIVE,"Россия [атаковала] объекты энергетики в трех регионах Украины. Город Черноморск был полностью обесточен

ВС РФ нанесли удары по энергетическим объектам в Днепропетровской, Запорожской и Одесской областях. В последней в результате атаки ударных дронов в ночь на 15 марта оказался полностью обесточен 60-тысячный город Черноморск. К утру газо- водо- и теплоснабжение в городе осуществлялось в штатном режиме. Пострадали два человека. 

В Днепропетровской области возникли перебои с водоснабжением в Синельниково, Павлограде, Терновке, Першотравенске. В Кривом Роге пострадали 14 человек. 

В Днепропетровской и Запорожской областях на несколько часов возникли задержки в движении ряда поездов.",4.8
84,Раньше всех. Ну почти.,"Европейские лидеры изменили свою риторику и стали призывать к миру на Украине, потому что они ""как [ласковые собачки""] припали к ногам Трампа. 

О том, что они будут так себя вести, Путин говорил ранее, заявил Ушаков журналисту ВГТРК Зарубину.",4.9
85,РИА Новости,"❗️Украинское подразделение численностью более 100 человек попало в окружение западнее Суджи, сообщил РИА Новости офицер 22-го мотострелкового полка с позывным ""Витязь"".

По ним работает арта. Настоящий котел. Никто не выйдет",3.7
86,Varlamov News,"Задержан подозреваемый в убийстве бывшего участника «Правого сектора» Ганула — украинские паблики

upd: Информацию о задержании подтвердил глава МВД Украины.",3.1
87,Медуза — LIVE,"Популярные западные чат-боты «заразились» пропагандой Кремля. Они воспроизводят дезинформацию российской сети Pravda, которую создали для воздействия на ИИ

Российским пропагандистам удалось «заразить» популярные западные ИИ-системы и заставить их распространять дезинформацию. В рамках исследования специалисты компании NewsGuard изучили ответы десяти чат-ботов, включая разработки OpenAI, Google и Meta. 

Выяснилось, что в 33% случаев они повторяют фейковые сообщения, которые распространяет российская пропаганда. При этом сеть сайтов, которая публикует подобную дезинформацию, создана именно для работы с системами генеративного искусственного интеллекта и не нацелена на обычных пользователей. 

«Медуза» пересказывает главное из исследования NewsGuard.

———

Открыть [с VPN] | [без VPN]",5.7
88,Раньше всех. Ну почти.,"Спецпосланник президента США Стив Уиткофф ждал восемь часов, пока кончатся переговоры российского лидера Владимира Путин с его коллегой из Белоруссии Александром Лукашенко, сообщил телеканал Sky News. 

Только после этого спецпосланнику удалось встретиться с Путиным. «В конце концов он (Владимир Путин) уделил Уиткоффу это столь важное личное время, когда уже стемнело, и все прошло за закрытыми дверями»,— говорится в сообщении. Sky News назвал необходимость ожидания встречи «классической силовой игрой» с российской стороны.",3.1
89,РИА Новости,"Более 80 тысяч работников промышленных предприятий приняли участие в демонстрациях в пяти городах ФРГ, чтобы привлечь внимание политиков к состоянию немецкой промышленности, сообщает профсоюз IG Metall.

ВВП крупнейшей экономики Европы в 2024 году сократился на 0,2%, это второй год снижения подряд, свидетельствуют данные Федерального статистического бюро страны.",5.0
90,Varlamov News,"Журналист Андрей Аксенов, политолог Герман Обухов и писательница Алла Босарт объявлены иностранными агентами — Минюст",3.8
91,Медуза — LIVE,"Убит лидер «Исламского государства» в Ираке и Сирии

Как [сообщило] Центральное командование Вооруженных сил США (CENTCOM), в результате авиаудара в провинции Аль-Анбар в Ираке были убиты лидер «ИГ» в Ираке и Сирии Абдулла Макки Муслих ар-Рифаи (он же Абу Хадиджа) и еще один террорист, имя которого не сообщается.

В CENTCOM заявили, что Абу Хадиджа был «одним из самых важных членов» террористической группировки. Он отвечал за логистику и планирование терактов «Исламского государства» во всем мире. 

Дональд Трамп сообщил, что американские военные  провели  операцию в координации с правительством Ирака и властями Иракского Курдистана.",5.8
92,Раньше всех. Ну почти.,"Новые правила покупки билетов и посещения театров и концертных площадок, вступившие в силу в субботу, не привели к образованию очередей, сообщил РИА Новости руководитель департамента культуры Москвы Алексей Фурсин.",2.2
93,РИА Новости,"Спецоперация. Обстановка и главные события на 15 марта.

▪️Российские войска освободили курские населенные пункты Заолешенка и Рубанщина, сообщило Минобороны.

▪️Потери ВСУ на курском направлении за сутки составили более 220 человек, в зоне СВО - до 1265 человек.

▪️ВКС России в воздушном бою сбит самолет МиГ-29 воздушных сил Украины.

▪️Инженерные войска России приступили к разминированию территорий в Курской области, там обнаружены запрещенные Женевской конвенцией боеприпасы, включая мины ""Лепесток"".

▪️Зеленский отказывается признавать факт окружения ВСУ в Курской области, несмотря на просьбу Трампа к Путину пощадить окруженных украинских солдат, следует из сообщения в его Telegram-канале.

▪️Более 370 человек, числившихся пропавшими в Курской области, были найдены, сообщил врио губернатора Хинштейн.

▪️Военные представители стран ""коалиции желающих"" встретятся 20 марта для разработки практических планов о том, как их вооруженных силы смогут обеспечить гарантии безопасности Украины в будущем, заявил британский премьер Стармер.

▪️Дрон-перехватчик разработки добровольческого отряда Б.А.Р.С ""Сармат"" достиг на испытаниях в Запорожской области скорости 318 км/ч, это рекорд в своем классе, рассказал РИА Новости руководитель группы разработчиков отряда с позывным ""Чапай"".

▪️Российские войска продвигаются в сторону украинских Сум, заявил замкомандира спецназа «Ахмат» с позывным «Разведчик»  в эфире телеканала «Россия 1».",5.9
94,Varlamov News,"Трамп в соцсетях:

«У нас были очень хорошие и продуктивные переговоры с президентом России Владимиром Путиным вчера, и есть очень большая вероятность, что эта ужасная, кровопролитная война наконец закончится — но прямо сейчас тысячи украинских военных полностью окружены российской армией [в Курской области] и находятся в очень плохом и уязвимом положении. Я настоятельно попросил президента Путина сохранить им жизнь. Это была бы ужасная резня, подобной которой не видели со времён Второй мировой войны».",6.9
95,Медуза — LIVE,"Кир Стармер: «Мы не можем позволить Путину играть в игры с соглашением о прекращении огня в Украине»

По [словам] премьера Великобритании, «полное игнорирование Кремлем предложения президента Трампа о прекращении огня лишь демонстрирует, что Путин не настроен на мир».  

Он добавил, что если Москва сядет за стол переговоров, то Запад должен быть готов следить за прекращением огня. В противном случае «мы должны напрячь все силы, чтобы усилить экономическое давление на Россию и добиться прекращения этой войны», сказал Стармер. 

Сегодня британский премьер собирается провести виртуальную встречу «коалиции желающих» — группы стран, которые стремятся добиться мира в Украине. Ожидается, что во встрече будут участвовать европейские страны, Еврокомиссия, НАТО, Канада, Украина, Австралия и Новая Зеландия.",5.0
96,Раньше всех. Ну почти.,"❗️Машина въехала в толпу людей во время протеста студентов в Белграде, сообщает газета Blic. 

Водителя задержали, его мотивы неизвестны. Предварительно, пострадали три человека.",3.1
97,РИА Новости,"Протестующие заняли весь центр Белграда, передает корреспондент РИА Новости.

Перед расположенным через дорогу от Скупщины городским собранием Белграда выставлен тяжело экипированный кордон  полиции в несколько рядов.",5.5
98,Varlamov News,"Трамп заявил, что провел хороший и продуктивный разговор с Путиным 13 марта — Reuters",5.0
99,Медуза — LIVE,"Администрация Трампа планирует запретить гражданам России и Беларуси въезд в США по иммиграционным и туристическим визам — [The New York Times ]

По информации издания, Госдепартамент США разработал проект рекомендаций, в котором 43 страны поделили на три категории — «красную», «оранжевую» и «желтую». 

В «красную» группу вошли 11 стран, гражданам которых будет категорически запрещено въезжать в США. Это Афганистан, Бутан, Куба, Иран, Ливия, Северная Корея, Сомали, Судан, Сирия, Венесуэла и Йемен.

В «оранжевый» список вошли 10 стран, гражданам которых ограничат выдачу виз. Въезд может быть разрешен только «состоятельным деловым путешественникам», но не тем, кто въезжает по иммиграционным или туристическим визам.

В этой группе оказались Россия и Беларусь, а также Эритрея, Гаити, Лаос, Мьянма, Пакистан, Сьерра-Леоне, Южный Судан и Туркменистан.

В «желтый» список попали 22 страны, которым будет дано 60 дней на то, чтобы устранить моменты, вызывающие беспокойство у властей США. В противном случае они попадут в «красную» или «оранжевую» категорию.

Официально рекомендации могут представить на следующей неделе. Окончательный список может измениться. 

———

Обновлено. Агентство Reuters также сообщило, что США рассматривают возможность ввести масштабные ограничения на въезд — для граждан 41 страны. При этом Россия в перечне агентства не упоминается.

———

Инфографика: NYT.",5.8
100,Раньше всех. Ну почти.,"❗️Мать с вооружёнными ножами сыновьями ворвалась в школу во французском городе Пуасси. 

Как пишут местные СМИ, двое братьев и женщина хотели «уладить спор» с одним из учеников. Её и одного сына задержали, второй скрылся.",3.6
101,РИА Новости,"Замкомандира спецназа «Ахмат» с позывным «Разведчик»  в эфире телеканала «Россия 1» заявил о продвижении российских войск в сторону украинских Сум.

Ранее Путин предложил подумать о создании зоны  безопасности вдоль госграницы.",5.9
102,Varlamov News,Прокуратура Москвы направила следствию материалы для решения вопроса о возбуждении против Евгения Чичваркина уголовного дела по статье об уклонении от исполнения обязанностей иноагента — пресс-служба ведомства,2.2
103,Медуза — LIVE,"Российская армия постепенно приближается к Покровску, который удерживают ВСУ. Город сильно разрушен. Фотографии

93-я отдельная механизированная бригада ВСУ «Холодный Яр» обороняет Покровск Донецкой области — один из важнейших транспортных узлов Донбасса. Интенсивные бои на этом направлении продолжаются больше полугода. В феврале ВС РФ перебросили туда дополнительные части — и продолжают медленно развивать наступление. В городе остаются мирные жители.

Больше снимков —[ по ссылке] Она откроется без VPN.",5.8
104,Раньше всех. Ну почти.,"❗️Премьер-министр Венгрии Виктор Орбан выдвинул 12 требований к Евросоюзу

«Чего венгерский народ требует от Брюсселя? Да будет мир, свобода и единство», — написал Орбан перед списком требований.

Полный перечень требований выглядит так:
📍«Мы требуем Европы наций»;
📍«Мы требуем равенства перед законом для всех государств-членов»;
📍Восстановить «незаконно отобранные» у государств компетенции;
📍Национальный суверенитет и сильное право вето для национальных правительств;
📍«Изгнать агентов Сороса из Комиссии и удалить коррумпированных лоббистов» из Европарламента;
📍«Не закладывать будущее наших внуков» и ликвидировать долги ЕС;
📍Не мешать венгерской национальной гвардии защищать границы страны, «не ввозить» мигрантов и высылать прибывших в ЕС нелегально;
📍Доллары и евро, полученные коррупционным путем, не должны поступать в государства ЕС;
📍Запретить «противоестественное перевоспитание наших детей»;
📍Защитить христианское наследие Европы;
📍«Мы требуем мира в Европе»;
📍«Союз, но без Украины».",5.9
105,РИА Новости,"Не менее 16 человек погибли и десятки пострадали в США в результате штормов и торнадо, которые обрушились на территории Юга и Среднего Запада страны, а всего с угрозой суровых погодных явлений могут столкнуться 138 млн человек, сообщает телеканал NBC News",5.5
106,Varlamov News,"Apple планирует добавить в наушники AirPods функцию перевода разговора на иностранный язык в режиме реального времени, функция будет представлена в рамках обновления программного обеспечения AirPods позднее в этом году и будет связана с iOS 19 — источники Bloomberg",6.3
107,Медуза — LIVE,"Более 100 украинских дронов [атаковали] регионы России. В Волгограде целью атаки был завод «Лукойла»

Губернатор Волгоградской области Андрей Бочаров заявил, что в результате атаки беспилотников пострадавших и повреждений объектов нет. В то же время телеграм-каналы сообщили, что после падения обломков беспилотника в Волгограде загорелась трава недалеко от нефтеперерабатывающего завода «Лукойла», а в районе железнодорожной станции «Сарепта», в нескольких километрах от НПЗ, загорелся камыш.

Глава Воронежской области Александр Гусев сообщил, что за ночь над регионом сбили более 35 БПЛА, пострадавших и разрушений нет.

В Минобороны РФ сообщили, что российские военные в ночь на 15 марта перехватили и уничтожили 126 беспилотников ВСУ, более половины из них — над Волгоградской областью. 

———

[Фото и видео] Astra.",4.7
108,Раньше всех. Ну почти.,"Наступление ВСУ в Курской области РФ стало военной ошибкой и неосторожным политическим шагом, пишет La Repubblica. 

То, что должно было послужить Киеву платформой в переговорном процессе об обмене территориями, сейчас может вернуться бумерангом, отмечается в публикации.",5.0
109,РИА Новости,"❗️Путин, Лукашенко, Рахмон и Алиев договорились встретиться 9 мая в Москве в ходе торжественных мероприятий, посвященных 80-летию Победы, сообщили в Кремле",3.6
110,Varlamov News,"С 12 марта из освобожденных населенных пунктов Курской области эвакуированы 209 жителей, среди них девять детей, из Суджи эвакуированы 68 человек — врио губернатора Хинштейн",2.6
111,Медуза — LIVE,"Корабль «Крю Дрэгон» стартовал к МКС с новым экипажем. Из космоса вернутся астронавты NASA, застрявшие на станции на девять месяцев

Ракета-носитель «Фалькон 9» с кораблем «Крю Дрэгон» [взлетела] со стартовой площадки Космического центра имени Кеннеди во Флориде в пятницу 14 марта. Изначально запуск планировался на среду, но был отложен из-за проблем с гидравликой. Стыковка с Международной космической станцией должна произойти в ночь с субботы на воскресенье. 

К МКС отправились четыре человека: астронавты NASA Энн Макклейн и Николь Айерс, японский астронавт Такуя Ониси и российский космонавт Кирилл Песков. Они сменят четырех членов экипажа станции — в том числе американцев Бутча Уилмора и Суниту Уильямс.  

Эти астронавты прибыли на МКС на американском космическом корабле «Старлайнер» компании Boeing в июне 2024 года. Предполагалось, что аппарат с командой вернется на Землю уже через восемь дней, однако возвращение отложили из-за опасений, вызванных проблемами с двигателем «Старлайнера».  

NASA ожидает, что Уилмор и Уильямс вернутся на Землю в среду, 19 марта.",5.0
112,Раньше всех. Ну почти.,❗️ВС РФ вернули под контроль  населенные пункты Заолешенка и Рубанщина в Курской области — Минобороны РФ,4.1
113,РИА Новости,"Зеленский потребовал милитаризации Европы, призвав ее ускорить производство боеприпасов и укреплять противовоздушную оборону.

Европе нужны собственные арсеналы и возможности для производства самого современного оружия. Производство боеприпасов не должно занимать от трех до пяти лет, если речь идет о вашей обороне и безопасности",5.9
114,Varlamov News,"ЕС исключит из санкционного списка министра спорта России Михаила Дегтярева, сестру Алишера Усманова Гульбахор Исмаилову, а также бизнесменов Владимира Рашевского и Вячеслава Моше Кантора, трое из них будут исключены из списка по требованию Венгрии — Euronews со ссылкой на дипломатические источники",3.2
115,Медуза — LIVE,"«Это попытка заново посмотреть на все эти проблемы. Вдруг что-то родится. Скажу честно: не родилось». Исследователь Дмитрий Марьясис написал новую книгу об Израиле и Палестине. Мы с ним поговорили

На русском языке вышла книга израилеведа Дмитрия Марьясиса — «Хроника с открытым финалом: история палестино-израильского конфликта». 

Он написал ее в Израиле — во время новой большой войны на Ближнем Востоке, которая началась с нападения ХАМАС 7 октября 2023 года. 

«Медуза» поговорила с Марьясисом о том, как эта война изменила его представления о конфликте в целом, а история конфликта — об этой войне.

———

Открыть [с VPN] | [без VPN]",4.8
116,Раньше всех. Ну почти.,"❗️""Автодор"" призвал мотоциклистов не спешить с открытием сезона из-за нестабильной погоды, сообщает пресс-служба компании.",2.1
117,РИА Новости,"Из Суджанского района Курской области эвакуирован 301 человек, людей оперативно доставляют в пункты временного размещения и лечебные учреждения, сообщили в МЧС России",3.0
118,Varlamov News,"Песков, отвечая на вопрос, есть ли основания испытывать «осторожный оптимизм» относительно перспектив урегулирования российско-украинского конфликта: 

«Безусловно, есть основания испытывать осторожный оптимизм. Вы слышали вчера очень важное заявление президента Путина. Отвечая на вопрос журналистов, он сказал, что он поддерживает позицию президента Трампа в плане урегулирования, но озвучил некоторые вопросы, на которые нужно совместно найти ответ. Поэтому, да, действительно, еще многое предстоит сделать, но, тем не менее, президент солидаризирован с позицией господина Трампа».",5.8
119,Медуза — LIVE,"Главные новости 14 марта 

✹ Трамп [заявил] что США провели «очень хорошие и продуктивные» переговоры с Путиным. 

✹ Суд в Финляндии [приговорил] неонациста Воислава Тордена к пожизненному сроку по делу о военных преступлениях в Украине.

✹ В Ереване [задержали] россиянина, который полтора года назад переехал в Армению. В России его обвинили в дезертирстве.

✹ В Одессе [застрелили] активиста и бывшего участника «Правого сектора» Демьяна Ганула. Подозреваемый задержан.

✹ Венгрия [добилась] чтобы из-под санкций вывели троих россиян. По данным «Системы», среди них — сестра бизнесмена Алишера Усманова.

———

[Текст дня] Как российская армия победила в битве за Курскую область? И зачем эта операция была нужна ВСУ? Подводим итоги главного эпизода войны в 2025 году.",5.0
120,Раньше всех. Ну почти.,Сезон велопроката и аренды электросамокатов открылся в Москве — Интерфакс,3.2
121,РИА Новости,"Главные новости субботы:

▪️Российская армия [освободила] курские населенные пункты Заолешенка и Рубанщина.

▪️Ряд россиян [вычеркнули] из санкционного списка ЕС.

▪️Власти США думают над ограничением [въезда] в страну граждан 10 государств, в том числе России и Белоруссии.

▪️Маск объявил, что корабль с роботом Optimus [полетит] на Марс в конце 2026 года.

▪️Зеленский [утвердил] состав некой делегации для ведения мирных переговоров.

▪️Краеведческий музей в Судже, разрушенный атакой ВСУ, будет [восстановлен]

▪️Канада активно ищет [альтернативы] американским истребителям F-35.",6.3
122,Varlamov News,"Путин вчера поздно вечером принял в Кремле спецпосланника президента США Уиткоффа, «была предоставлена дополнительная информация российской стороне», «через Уиткоффа Путин передал информацию и дополнительные сигналы для Трампа» — Песков/РБК

По словам Пескова, после того как Уиткофф передаст Трампу информацию, Москва и Вашингтон будут определяться со сроками телефонного разговора Путина и Трампа, «понимание, что он нужен, есть с двух сторон».",5.1
123,Медуза — LIVE,"Трамп назвал «сарказмом» свое обещание завершить российско-украинскую войну за 24 часа. По его мнению, переговоры о перемирии «идут хорошо»

Президент США [дал] интервью журналистке Шэрил Эткиссон, в котором прокомментировал переговоры о завершении российско-украинской войны. По мнению Трампа, «пока все идет хорошо». «В понедельник [17 марта] мы узнаем немного больше, и это, надеюсь, будет хорошо», — добавил он.

Эткиссон [спросила] общался ли Трамп в последнее время с Владимиром Путиным. «Я не хочу этого говорить, но мы с ним работали, и я думаю, что все идет достаточно хорошо. Это очень сложная ситуация. Вы знаете, это кровавая, ужасная война, но я считаю, что все [переговоры перемирию] идет хорошо», — сказал он

После слов о сложности российско-украинской войны журналистка напомнила Трампу его заявления во время предвыбрной кампании. Тогда он не раз говорил, что в случае избрания президентом США завершит войну за 24 часа. «Ну, я тогда говорил это с некоторым сарказмом. Что я реально имею в виду, что хочу, чтобы это разрешилось. Я думаю, что у меня получится», — ответил Трамп.",7.6
124,Раньше всех. Ну почти.,"❗️Совет директоров Банка России на заседании 21 марта сохранит ключевую ставку на уровне 21%, считают все 30 участников консенсус-прогноза РБК — аналитики крупных российских банков и инвестиционных компаний.",4.4
125,РИА Новости,"Зеленский утвердил состав делегации от Украины ""для взаимодействия с международными партнерами"" с целью ведения мирных переговоров, однако не указал, о каких переговорах и с кем конкретно идет речь,  распоряжение опубликовано на сайте его офиса.

В состав переговорной группы войдут глава офиса Зеленского Ермак и его заместитель  Палиса, глава МИД  Сибига, глава минобороны  Умеров.",5.3
126,Varlamov News,"В Одессе застрелен активист Демьян Ганул — источники «РБК-Украина»

Полиция устанавливает обстоятельства, при которых в центре Одессы застрелили мужчину, стрелок скрылся — МВД Украины

Как пишет издание «Страна», Ганул «боролся с противниками декоммунизации и мобилизации». Также Ганул был участником «Правого сектора», а пророссийские силы называют его одним из организаторов столкновений у одесского Дома профсоюзов 2 мая 2014 года, сообщал украинский 24 канал. В России Ганул заочно арестован по делу о повреждении воинских захоронений или памятников.

«Правый сектор» признан в России экстремистской и террористической организацией, деятельность которой запрещена.",4.8
127,Медуза — LIVE,"Администрация США собирается депортировать участника пропалестинских акций в Колумбийском университете. Трамп обещает лишить финансирования учебные заведения, где допускают «незаконные протесты»

8 марта американская иммиграционная полиция задержала Махмуда Халила — активиста, который участвовал в пропалестинских протестах в Колумбийском университете в Нью-Йорке в 2024 году. Его грин-карту аннулировали. Халила собирались тут же депортировать, но суд запретил это делать до рассмотрения его дела. 

Дональд Трамп лично прокомментировал задержание Халила, назвав активиста «прохамасовским радикалом». «Это первый арест, их будет еще много», — добавил президент США. Подробнее об этой истории читайте по ссылкам ниже. 

———

Открыть [с VPN] | [без VPN]",4.0
128,Раньше всех. Ну почти.,"❗️Илон Маск анонсировал полет Starship на Марс с человекоподобным роботом

Корабль отправят на Марс в конце 2026 года, если он успешно сядет, уже в 2029-м на планете могут оказаться первые люди, но более вероятно, что это произойдет в 2031-м, отметил Маск.",7.5
129,РИА Новости,"Военные представители стран ЕС, входящих в ""коалицию желающих"", 20 марта обсудят, как их вооруженные силы смогут обеспечить гарантии безопасности Украины в будущем, заявил британский премьер Стармер",5.8
130,Varlamov News,"Суд в Финляндии приговорил одного из бывших лидеров российской неонацисткой группировки «Русич» Воислава Тордена (Яна Петровского) к пожизненному заключению по делу о военных преступлениях, совершенных в Луганской области в сентябре 2014 года — Yle

По версии следствия, Торден и другие бойцы «Русича» причастны к атаке, в результате которой погибли 22 украинских военных и еще четверо получили ранения. Торден вину не признает.

Тордена в 2023 году задержали по запросу Украины при попытке вылететь из Финляндии в Ниццу. Украина добивалась экстрадиции Тордена, но Хельсинки отклонили запрос. 

Фото: Markku Ulander/Lehtikuva",3.4
131,Медуза — LIVE,"Войска РФ [нанесли] ракетный удар по Кривому Рогу. 12 человек ранены

Об обстреле сообщил глава военной администрации Днепропетровской области Сергей Лысак. Восемь человек получили ранения, пятеро пострадавших госпитализированы.

В результате удара произошло несколько пожаров, которые уже потушили. Повреждены три многоквартирных дома и городские коммуникации, разрушены «объекты бизнеса». Лысак опубликовал фотографию одного из пострадавших зданий.

———

Обновлено. По последним [данным] местных властей, в результате обстрела пострадали 12 человек, шесетро из них госпитализированы.

———

[Фото] Сергей Лысак.",5.0
132,Раньше всех. Ну почти.,"⚡️Администрация президента США Дональда Трампа рассматривает возможность ужесточить правила въезда в страну для граждан из 43 государств, в том числе России и Белоруссии, сообщает The New York Times (NYT) со ссылкой на источники.

Издание показало таблицу с тремя категориями государств — «красной», «оранжевой» и желтой». Гражданам стран из первой въезд будет полностью запрещен. К «оранжевой» категории, предположительно, будут отнесены Россия и Белоруссия. Их гражданам, а также обладателям паспортов Эритреи, Гаити, Лаоса, Мьянмы, Пакистана, Сьерра-Леоне, Южного Судана и Туркмении могут ограничить выдачу виз. Въезд может быть разрешен «состоятельным деловым путешественникам» из этих стран, но не лицам, путешествующим по иммиграционным или туристическим визам, пишет NYT.

Странам из «желтой» категории планируется дать 60 дней на устранение факторов, вызывающих «беспокойство» США, в противном случае каждая из них может попасть либо в категорию полного запрета, либо резкого ограничения выдачи виз.",5.9
133,РИА Новости,"Более 370 фамилий исключено из реестра лиц, связь с которыми утратили родственники в Курской области, эти люди найдены, сообщает врио губернатора Хинштейн.

Список разыскиваемых жителей, слава Богу, постепенно сокращается",2.0
134,Varlamov News,"США и Израиль обратились к Судану, Сомали и Сомалиленду для обсуждения вопроса о возможности переселении туда палестинцев из сектора Газа, но пока неясно, на каком уровне проходили контакты и принесли ли они успех — Associated Press со ссылкой на неназванных американских и израильских чиновников 

Чиновники из Судана сообщили агентству, что предложение США было отвергнуто, а чиновники из Сомали и Сомалиленда сказали, что им неизвестно о подобных контактах.

Ранее Трамп предложил передать сектор Газа под контроль США, переселить местных жителей, реконструировать регион и превратить его в «Ривьеру Ближнего Востока».",4.8
135,Медуза — LIVE,"Страны «Большой семерки» [пригрозили] России новыми санкциями в случае отказа от предложения прекратить огонь на фронте

На встрече в Канаде министры иностранных дел стран «Большой семерки» (G7) обсудили возможность введения дополнительных санкций против РФ в случае ее отказа от перемирия с Украиной. 

Речь идет в том числе о введении дополнительных ограничений цен на нефть, а также об использовании доходов от замороженных активов РФ. 

———

США в ходе переговоров в Саудовской Аравии предложили Украине ввести 30-дневное прекращение огня, которое рассматривается как первый шаг к завершению российско-украинской войны. Киев это предложение поддержал. Владимир Путин, комментируя предложение о перемирии, заявил, что в целом Россия поддерживает инициативу США, но есть «нюансы» и вопросы, требующие обсуждения.",6.8
136,Раньше всех. Ну почти.,"Журналистка во время брифинга Трампа случайно хлопнула его по лицу микрофоном.

Президент США на это заявил, что корреспондентка только что смогла ""прорваться на телевидение"" и ""сделать большую новость"".",2.8
137,РИА Новости,"Беспилотник Mavic, подаренный гражданином Танзании, будет помогать армии России уничтожать врага на дзержинском направлении, дрон вручили оператору БПЛА штурмового подразделения 132-й гвардейской отдельной мотострелковой бригады 51-й армии, передает корреспондент РИА Новости.

Как рассказал передавший дрон человек, танзаниец получил премию на работе и захотел помочь фронту, отправив товарищу в России деньги на приобретение дрона.",3.8
138,Varlamov News,"США готовы возобновить поставки Украине дальнобойных бомб GLSDB после того, как они были модернизованы для более эффективного противодействия российским средствам радиоэлектронной борьбы — источники Reuters

По их данным, бомбы могут оказаться в зоне боевых действий в ближайшие дни, так как их запас уже находится в Европе. Поставка снарядов готовится на фоне сообщений о том, что Украина исчерпала арсенал американских ракет ATACMS аналогичной дальности, отмечает Reuters.",5.9
139,Медуза — LIVE,"«Чужие нас не обижали. А от своих помощи мы уже и перестали ждать». Российские войска освободили Суджу. Вот что жители города рассказывают об украинской оккупации, которая длилась семь месяцев

12 марта Минобороны РФ сообщило об освобождении Суджи — города в Курской области, захваченного войсками Украины в августе 2024 года. Жители Суджи, оказавшиеся в оккупации (их число до сих пор точно неизвестно) потеряли связь с родными, некоторые числились пропавшими без вести. Многие во время наступления ВСУ и обороны со стороны войск РФ погибли в результате обстрелов либо из-за отсутствия медицинской помощи. 

Кооператив независимых журналистов «Берег» поговорил с пережившими оккупацию жителями Суджи Алексеем и его дочерью Еленой, которые смогли эвакуироваться в Курск после того, как украинские войска покинули город. «Медуза» публикует этот материал целиком.

———

Открыть [с VPN] | [без VPN]",5.1
140,Раньше всех. Ну почти.,"❗️Предложение Путина к группировке украинских войск в Курской области сложить оружие в обмен на сохранение жизней пока действует, но вскоре срок истечет — Песков",6.7
141,РИА Новости,"❗️Основатель Telegram Дуров покинул Францию и направился в Дубай после разрешения суда, передает агентство Франс Пресс.

Сообщается, что ему было разрешено покинуть страну ""на несколько недель"".",3.8
142,Varlamov News,"В Туапсе в результате атаки нефтекомплекса загорелся один из резервуаров с бензином, площадь пожара превышает тысячу квадратных метров, пострадавших нет — губернатор Краснодарского края 

По предварительным данным, нефтекомплекс был атакован беспилотниками.",4.8
143,Медуза — LIVE,"В Москве прокуратура [пришла] с проверкой в книжный магазин «Фаланстер»

Об этом сообщил поэт и публицист Иван Давыдов. Что стало поводом для проверки, неизвестно. Давыдов предполагает, что на магазин написали донос.

«В каналах профессиональных любителей карающего начальства пишут — „нарушений столько, что без последствий не обойдется“. Ну и разворачивают травлю Бори Куприянова, создателя и директора магазина, моего доброго друга», — пишет Давыдов.


По его словам, «ничего запрещенного» в книжном магазине не нашли, «но изъяли под расписку „Надзирать и наказывать“ Мишеля Фуко, а также книги Арендт, Беньямина и Зонтаг». Магазин и его основатели сообщения о визите прокуратуры не комментировали.",3.1
144,Раньше всех. Ну почти.,"Спецпосланник президента США Дональда Трампа по делам заложников Адам Бёлер покинет свой пост, передает Axios со ссылкой на чиновников Белого дома.

Бёлер курировал переговоры с ХАМАС со стороны США. По данным источников Axios, он решил уйти с поста добровольно.",3.8
145,РИА Новости,"В небе над освобожденным Дзержинском в ДНР идет борьба дронов на веревках, рассказал РИА Новости командир взвода операторов БПЛА 132-й гвардейской отдельной мотострелковой бригады 51-й армии с позывным ""Тунгус"".

То есть дрон сверху подлетает, с веревкой опускается, и эта веревка сбивает твой БПЛА, или наоборот",3.8
146,Varlamov News,"Средства ПВО отразили атаку четырех беспилотников, летевших на Москву, на месте падения обломков работают специалисты экстренных служб — Собянин

В Подмосковье два беспилотника сбиты над Балашихой, обломки одного из них упали на строительную площадку в микрорайоне Измайлово, еще один дрон уничтожен в районе микрорайона Железнодорожный, третий беспилотник сбит в микрорайоне Южная Битца, обломки упали на строящийся многоэтажный дом; по предварительным данным, пострадавших нет — губернатор 

Двухуровневая квартира повреждена в результате атаки дрона на жилой дом в ЖК «Авангард» в Москве, находившийся внутри владелец квартиры не пострадал — SHOT

Обломки сбитого беспилотника упали на расселенный дом на улице Лестева в Москве — Baza 

В коттеджном поселке Росинтер-2 в Троицком округе Москвы после атаки беспилотника повреждены частный дом, три автомобиля и мотоцикл, пострадавших нет — SHOT и Baza 

В Балашихе сбитый обломок дрона упал на дорогу — Msk1.ru",4.3
147,Медуза — LIVE,"Зеленский [заявил] что операция ВСУ в Курской области «выполнила свою задачу»

Президент Украины признал, что ситуация в Курской области «понятно, что очень сложная». Задачей ВСУ на этом участке фронта было оттянуть войска РФ с покровского, харьковского и сумского направления, рассказал он.

Сейчас, по словам Владимира Зеленского, ситуация на покровском и харьковском направлениях «стабилизировалась».

«Я считаю, что она [операция ВСУ в Курской области] свою задачу выполнила. Я думаю, что на покровском направлении сейчас ситуация стабильная, и будет очень непросто снова найти возможность оккупировать Покровск», — сказал Зеленский.",5.0
148,Раньше всех. Ну почти.,"Минобороны России заявило, что в ночь на 15 марта силы ПВО работали в Волгоградской, Воронежской, Белгородской, Брянской, Ростовской и Курской областях. Всего, по данным ведомства, уничтожено 126 беспилотников.

Над территорией Волгоградской области силы ПВО сбили 64 БПЛА. Над Воронежской областью уничтожены 38 беспилотников, над Белгородской — 14, над Брянской — семь, над Ростовской — два, над Курской — один.",3.7
149,РИА Новости,"Краеведческий музей в Судже, разрушенный [атакой] ВСУ, будет восстановлен, сообщил врио главы Курской области Хинштейн.

Мы не позволим уничтожить нашу историю и культуру. Суджанский краеведческий музей будет восстановлен, а его экспонаты вернутся на свое законное место.

Он опубликовал кадры последствий удара по зданию, признанного памятником архитектуры. Наиболее ценные экспонаты музея, к счастью, были заблаговременно эвакуированы в тыл.",2.8
150,Varlamov News,"Netflix выпустил трейлер седьмого сезона сериала «Черное зеркало».

Новые эпизоды выйдут на стриминговом сервисе 10 апреля.",3.3
151,Медуза — LIVE,"Как российская армия победила в битве за Курскую область? И зачем эта операция была нужна ВСУ? Подводим итоги главного эпизода войны в 2025 году

Битва за Курскую область завершается поражением украинской армии. ВСУ задержались на территории российского региона на семь месяцев. Цели операции за это время менялись — от создания буферной зоны до захвата земель, пригодных для размена с Россией. Очевидно, поражение означает, что большая часть целей не достигнута. Теоретически единственным полезным эффектом от вторжения для ВСУ можно считать отвлечение от других участков фронта российских резервов. Но есть ли этот эффект на практике, судить сложно.

В нашем разборе подводим итоги самой кровопролитной битвы 2025 года, изучаем историю и текущее состояние противостояния и рассматриваем сценарии влияния победы ВС РФ на дальнейший ход боевых действий.

———

Открыть [с VPN] | [без VPN]",5.6
152,Раньше всех. Ну почти.,"❗️Много украинских солдат окружены (в Курской области), мы не хотим, чтобы они погибли — Трамп",6.8
153,РИА Новости,"Австралия может отправить миротворцев на Украину только после достижения мира, заявил премьер Альбанезе.

МИД России ранее назвал подобные планы провокационным шагом, направленным на поддержание нездоровых иллюзий у Киева.",4.6
154,Varlamov News,"Минфин США сообщил, что 12 марта истек срок выданной администрацией Байдена лицензии, которая позволяла проводить транзакции по энергетическим сделкам с Россией через российские подсанкционные банки — Reuters

Теперь европейские страны и союзники США не смогут покупать у России нефть без угрозы введения американских санкций, это «переговорная тактика для прекращения вторжения» — корреспондент Fox News в Белом доме Эдвард Лоуренс со ссылкой на источник, знакомый с ситуацией",6.1
155,Медуза — LIVE,"Глава Курской области заявил, что ВСУ нанесли удар по зданию музея в Судже. Один человек погиб, двое ранены

По словам Александра Хинштейна, удар был нанесен по зданию краеведческого музея. По предварительным данным, погибла одна из его сотрудниц, еще двое сотрудников ранены. 

Здание музея, как утверждает Хинштейн, уничтожено. Глава Курской области отметил, что погибшая женщина оставалась в Судже во время оккупации ВСУ и пришла в музей, чтобы осмотреть его.",3.0
156,Раньше всех. Ну почти.,❗️Государственный секретарь США Марко Рубио объявил посла Южноафриканской Республики Ибрагима Расула персоной нон-грата.,4.5
157,РИА Новости,"Вывезенная из Суджанского района Курской области жительница села Казачья Локня Наталья Мороз рассказала РИА Новости, что узнала об освобождении населенного пункта, когда встретила российских военнослужащих у колодца, куда она пошла за водой.

Идут мужчины какие-то и повязки не синие, а белые. Мы испугались. Что это такое, это новые войска пришли украинские? То были синие повязки, а это белые. Подходим, а это ребята, они буряты. Говорят: «Мы наши»… Конечно, расплакались",2.8
158,Varlamov News,"В Telegram фиксируется мошенническая рассылка с сообщениями о смерти знакомых, рассылка содержит APK-файлы, которые запускают установку вредоносного программного обеспечения — МВД России",3.0
159,Медуза — LIVE,"Сообщения об «окружении» украинских военных в Курской области [не соответствуют] действительности и создаются для политического давления на Киев — Генштаб ВСУ

Как заявило командование ВСУ, такие сообщения «создаются россиянами ради политических целей и давления на Украину и партнеров». По данным украинского Генштаба, за минувшие сутки ситуация в Курской области существенно не изменилась, боевые действия продолжаются.

В сообщении отмечается, что подразделения ВСУ в Курской области «осуществили перегруппировку» и «отошли на более выгодные рубежи обороны».

———

Президент США Дональд Трамп 14 марта [заявил] что попросил Владимира Путина сохранить жизни тысяч украинских солдат, которые «находятся в полном окружении» войск РФ. О каком «окружении» идет речь, он не уточнил. Предположительно, он говорил о ситуации в Курской области — но и там ВСУ не попали в окружение российских военных.",4.4
160,Раньше всех. Ну почти.,"Трамп о начале конфликта на Украине: прежде всего, не стоит задираться с тем, кто сильно крупнее тебя",6.0
161,РИА Новости,"Зеленский отказался признавать факт окружения ВСУ в Курской области, несмотря на просьбу Трампа к Путину пощадить окруженных украинских солдат.

Окружения наших войск нет",4.8
162,Varlamov News,"США изучают возможность сотрудничества с «Газпромом» по международным проектам — Bloomberg со ссылкой на неназванных российских и европейских чиновников 

По словам европейских источников, речь идет о предварительных контактах США и России, но неясно, кто ведет переговоры и вовлечена ли в них администрация Трампа. По данным двух собеседников агентства, «Газпром» заинтересован в том, чтобы США оказали помощь в возобновлении работы «Северных потоков». По словам одного из источников, «Газпром» может предложить США участие в проектах в арктическом регионе.",5.3
163,Медуза — LIVE,"Британский премьер Кир Стармер помирил Трампа с Зеленским и хочет объединить Европу против России. Одни считают его новым лидером Запада, другие — упрекают в отсутствии харизмы

Британский премьер-министр Кир Стармер в последние недели пытается объединить европейские страны в противостоянии с Россией, а еще именно он помирил Дональда Трампа и Владимира Зеленского, поссорившихся в Овальном кабинете. 

«Медуза» рассказывает, как британец стал одним из главных лиц в мировой политике, почему его упрекают в отсутствии харизмы и как это может помочь ему стать новым лидером «свободного мира».

———

Открыть [с VPN] | [без VPN]",6.9
164,Раньше всех. Ну почти.,"❗️США получили ""очень хорошие ответы"" от РФ и Украины на предложения по прекращению огня, заявил Трамп.",6.1
165,РИА Новости,"Колонна из ста тракторов поддержавших протесты сербских фермеров выдвинулась в сторону центра Белграда, передает корреспондент РИА Новости.

Сообщается также, что снайперы появились на здании Скупщины (парламента) и Конституционного суда. Само здание Скупщины оцеплено полицейскими.",3.4
166,Varlamov News,"ЕСПЧ постановил, что украинские власти не предприняли всех разумных мер для предотвращения насилия во время столкновений между сторонниками и противниками Майдана и пожара в одесском Доме профсоюзов 2 мая 2014 года, а также не предприняли всех необходимых мер для обеспечения своевременных спасательных мероприятий и проведения эффективного расследования — решение суда

Суд счел, что «дезинформация и пропаганда со стороны России сыграли свою роль в трагических событиях». Однако ЕСПЧ пришел к выводу, что власти Украины не усилили меры безопасности, узнав из разведданных и соцсетей о рисках столкновений и беспорядков, а также что халатность чиновников и органов власти «выходила за рамки ошибки в суждениях или небрежности». Следствие же, согласно постановлению ЕСПЧ, не приложило достаточных усилий для надлежащего сбора и оценки всех доказательств.

В частности, в решении говорится, что полиция во время столкновений была пассивна, при пожаре она не приняла мер по своевременной и безопасной эвакуации людей, а отправка пожарных машин была задержана на 40 минут.

Иск в ЕСПЧ подавали 25 родственников погибших и трое пострадавших при пожаре. ЕСПЧ обязал Украину выплатить заявителям компенсации в размере от 12 до 17 тысяч евро.

2 мая 2014 года в Одессе произошли вооруженные столкновения между сторонниками пророссийского движения «Антимайдан» и проукраинского «Евромайдана», начавшиеся в центре города и завершившиеся пожаром в Доме профсоюзов. В результате погибли 48 человек и более 200 пострадали.",5.5
167,Медуза — LIVE,"Главреда «Вечерних ведомостей» в Екатеринбурге Владислава Постникова второй раз подряд [арестовали] по обвинению в «демонстрации экстремистской символики»

Поводом к административному преследованию журналиста послужили два поста в его телеграм-канале, в которых полиция обнаружила символику Национал-большевистской партии, а также штабов Алексея Навального. Оба эти политических объединения объявлены властями РФ экстремистскими и запрещены на территории России.

Ранее 1 марта Кировский суд Екатеринбурга арестовал Постникова на 14 суток по такому же обвинению из-за другого поста в его телеграм-канале с символикой штабов Навального. Журналиста доставили в суд для рассмотрения второго административного дела сразу же после его освобождения из спецсприемника Нижнего Тагила 14 марта. «Вероятно, был организован „карусельный“ арест», — отмечает «Медиазона».",3.8
168,Раньше всех. Ну почти.,"⚡️Трамп заявил, что обсуждения с Путиным по возможному прекращению огня на Украине идут достаточно хорошо, но ситуация очень сложная",6.4
169,РИА Новости,"Европейские лидеры, как и предрекал Путин, ведут себя при Трампе как ласковые собачки у ног хозяина, заявил Ушаков автору программы ""Москва. Кремль. Путин"" на телеканале ""Россия 1"" Павлу Зарубину",3.8
170,Varlamov News,"Зеленский:

«Сейчас мы все услышали из России предсказуемые, очень манипулятивные слова Путина в ответ на идею тишины на фронте — он фактически готовит отказ по состоянию на данный момент. Путин, конечно, боится сказать прямо президенту Трампу, что хочет продолжать эту войну, хочет убивать украинцев. И потому они там, в Москве, обставляют идею тишины такими предпосылками, чтобы вообще ничего не получилось или чтобы не получалось как можно дольше. <…>

От американской стороны мы слышали, что есть готовность организовать контроль и верификацию. И это реально обеспечить с американскими возможностями, с европейскими возможностями. И чтобы за время тишины подготовить ответы на все вопросы о долгосрочной безопасности и реальном, надежном мире и положить на стол план завершения войны».",6.9
171,Медуза — LIVE,"Путин в ответ на призыв Трампа сохранить жизни украинских военных в Курской области предложил бойцам ВСУ сдаться в плен

Владимир Путин сказал, что «украинские боевики совершили в зоне вторжения многочисленные преступления против гражданского населения», которые квалифицируются прокуратурой РФ как терроризм.

При этом Путин отметил, что Кремль с пониманием относится к призыву Дональда Трампа руководствоваться «соображениями гуманитарного характера» в отношении украинских военных, участвующих во вторжении в Курскую область. «В случае сложения оружия и сдачи в плен им будет гарантирована жизнь и достойное обращение в соотвествии с нормами международного права и законами РФ», — добавил президент России. 

«Для эффективной  реализации призыва Трампа нужен приказ руководства Украины своим военным сложить оружие и сдаться в плен», — добавил Путин.",6.0
172,Раньше всех. Ну почти.,"⚡️Трамп заявил, что в понедельник станет больше известно о перспективе прекращения огня в конфликте на Украине",6.9
173,РИА Новости,"Новые правила покупки билетов и посещения театров и концертных площадок, вступившие в силу в субботу, не привели к образованию очередей, сообщил РИА Новости руководитель департамента культуры Москвы Алексей Фурсин",3.4
174,Varlamov News,"МВД снимет с розыска 154 жителя Суджанского района Курской области, люди живы — представитель МВД Ирина Волк",3.0
175,Медуза — LIVE,"40 лет назад Горбачев возглавил СССР. Одной из его идей было переустройство системы безопасности в Европе. Почему из этого ничего не вышло?

11 марта 1985 года Михаил Горбачев стал генеральным секретарем ЦК КПСС. Как он пытался перестроить отношения с Западом и в первую очередь создать новую систему коллективной безопасности в Европе? И почему не вышло — ни у него, ни у других политиков (на Западе и уже в постсоветской России)?
В подкасте «Что случилось» обсуждаем вместе с Алексеем Уваровым, историком и приглашенным исследователем Боннского университета.

———

«Что случилось» — ежедневный новостной подкаст. Слушайте его на [«Медузе»] | на [подкаст-платформах] | и на [ютьюб-канале] «Медузы».",5.1
176,Раньше всех. Ну почти.,"⚡️Трамп [признал,] что его предвыборные заявления о готовности завершить конфликт на Украине за 24 часа были проявлением сарказма",4.0
177,РИА Новости,"Дело о теракте возбуждено после попытки поджога центра патриотического воспитания ""Долг"", в котором располагается музей неизвестного солдата, в Вязьме Смоленской области, задержан подозреваемый 15-летний местный житель, сообщают УФСБ и УМВД региона.

По словам подозреваемого, «работу» ему предложили в группе в Telegram. Обещанного вознаграждения в размере 320 тысяч рублей он так и не получил.",3.4
178,Varlamov News,"Трамп заявил, что у него есть рычаги давления на Россию, но он не хочет говорить об этом, потому что сегодняшние заявления Путина «были довольно позитивными» — The Guardian",5.0
179,Медуза — LIVE,"В Армении [задержали] россиянина по делу о самовольном оставлении части

[Николая Зонова] задержали в Ереване 12 марта во время подачи документов на гражданство Армении. В России ему вменили статью о самовольном оставлении части и объявили в розыск, рассказала его жена Аревик Зонова «Новой газете Европа». 

Сейчас россиянин находится в изоляторе. В ближайшие дни пройдет суд, на котором вынесут решение о его высылке в Россию.

Зонов — шеф-повар из Кировской области. Осенью 2023 он переехал в Армению и в Россию больше не приезжал. Через год после переезда он получил приглашение для подачи документов на получение гражданства Армении на основании брака с гражданкой страны и проживания в Армении в течение года.",2.9
180,Раньше всех. Ну почти.,"❗️Республиканцы готовят законопроект, блокирующий студенческие визы для граждан Китая — NBC",4.8
181,РИА Новости,"Протестующие в Белграде провели у парламента 15-минутную «минуту молчания» в память о 15 погибших при обрушении навеса на ж/д вокзале в городе Нови-Сад 1 ноября 2024 года.

Акция началась в 11:52 - это время, когда случилась трагедия.",3.5
182,Varlamov News,"Украина на переговорах в Джидде проинформировала США о своих «красных линиях», в частности, представители Киева «четко сказали», что для Украины вопрос НАТО «не может быть снят с повестки дня» — источник украинского издания «Европейская правда», причастный к переговорам 

«Не может быть никаких ограничений численности армии, и не может быть никаких запретов относительно участия Украины [в международных организациях], в том числе в ЕС и НАТО. Вопрос [красной линии по] НАТО также прозвучал от Ермака, что Россия не должна иметь право вето».",6.4
183,Медуза — LIVE,"«Кто-то нарушил комендантский час, кто-то попал под осколки. А есть люди, у которых сердце не выдержало». Издание «7×7» установило имена 30 жителей Курской области, погибших за время украинской оккупации

В августе 2024 года украинские войска вторглись на территорию Курской области и взяли под свой контроль десятки населенных пунктов. Спустя семь месяцев боевых действий, в марте 2025-го, Минобороны РФ объявило о прорыве российских войск и освобождении большинства сел и деревень в регионе, включая приграничный город Суджа. 

Журналисты [«7×7»](http://t.me/@horizontal_russia) сумели установить имена и подтвердить гибель как минимум 30 мирных жителей Курской области после начала наступления ВСУ. В своем исследовании они рассказывают, как гражданские волонтеры и курские чиновники ведут подсчет погибших и организуют их похороны. «Медуза» публикует этот материал «7×7» целиком.

———

Открыть [с VPN] | [без VPN]",6.2
184,Раньше всех. Ну почти.,"Вопросы обеспечения безопасности Украины на долгосрочную перспективу можно решать только в будущем, после возможного выхода сторон на договоренности о прекращении огня. С таким заявлением выступил госсекретарь США Марко Рубио. 

""Ну, это предстоит определить на переговорах"", - сказал он на пресс-конференции по итогам встречи глав внешнеполитических ведомств Группы семи в канадской провинции Квебек. Рубио отвечал на просьбу пояснить, как могут выглядеть ""мощные и вызывающие доверие договоренности в сфере безопасности"", позволяющие Украине ""сдерживать возможные обновленные акты агрессии"" и защищаться от них. За разработку таких договоренностей высказалась на нынешнем заседании в Канаде ""семерка"". ""

Разделите два аспекта: прекращение огня, условия для того, чтобы все прекратили друг в друга стрелять, <...> и затем переход за стол переговоров, дабы окончательно положить конец войне"", - отметил Рубио. ""В рамках этого второго этапа, разумеется, у каждой страны мира есть право на безопасность, право защищаться, охранять свою территорию. Это должно стать частью такого разговора"", - убежден шеф американской дипломатии.",5.9
185,РИА Новости,"Полиция задержала в Белграде водителя, сбившего трёх человек на несогласованном протесте студентов и сторонников оппозиции, сообщила пресс-служба МВД Сербии.

Сотрудники МВД в Белграде нашли и задержали водителя Ж.М. 1975 года рождения, который сегодня в районе Беле-Воды (вне центра города - ред.) автомобилем марки BMW сбил трёх человек.

UPD: По данным МВД, у пострадавших легкие повреждения.",2.8
186,Varlamov News,"Трамп:

• Путин сделал «очень многообещающее заявление, но оно не было полным».

• Я хотел бы встретиться с Путиным и поговорить с ним.

• Мы бы хотели видеть прекращение огня со стороны России, надеюсь, Россия поступит правильно.

• США обсуждают с Украиной «землю, участки земли, которые будут сохранены и утрачены, и все остальные элементы финального соглашения», обсуждается и вопрос «очень большой электростанции».",6.0
187,Медуза — LIVE,"Украина [начала] формировать команду по мерам контроля за режимом прекращения огня

Об этом рассказал глава МИД Украины Андрей Сибига на пресс-конференции, передает «РБК-Украина». Сибига напомнил о «негативном опыте» с нарушениями прекращения огня в рамках минских договоренностей, которые, по его словам, допускала Россия.  

«Поэтому сейчас будет все направлено, чтобы украинская сторона была готова с соответствующими командами, с соответствующими наработками, модальностями. Имею в виду, в том числе будущего видения относительно договоренности или плана действий для достижения справедливого мира для Украины. Безусловно, параметров и объема пакета гарантий безопасности для Украины», — заключил глава МИД.",6.5
188,Раньше всех. Ну почти.,"❗️Россия должна принять предложение США и Украины о 30-дневном перемирии, российская агрессия на Украине должна прекратиться, злоупотребления должны прекратиться, как и затягивание заявлений — Макрон",7.6
189,РИА Новости,"Минобороны России показало новые кадры из освобожденной Суджи.

В частности, на видео попали разрушенные и догорающие дома, российский флаг, водруженный на водонапорную башню, а также лежащие вдоль дороги тела украинских военнослужащих.",4.4
190,Varlamov News,"Всем хочется улететь в Турцию по цене такси в аэропорт. Такая возможность появилась.

А Вы знали, что авиакомпании продают нереализованные билеты за копейки на закрытых распродажах, доступ к которым может получить только тот, кто знает нюансы. За несколько часов до вылета цена может упасть в 10 раз от номинала

Есть канал, который видит все распродажи, и первыми публикует все дешёвые авиабилеты

Вот примеры того, что Вы можете получить, подписавшись на канал [«Дешёвые билеты из Москвы».](http://t.me/moskvatravel)

- [Чартер Аэрофлота на Мальдивы за 10000 туда-обратно ](http://t.me/moskvatravel)
- [Тайланд, Бали, Шри-Ланка от 5000 в одну сторону ](http://t.me/moskvatravel)
- [Дубай за 13000 туда-обратно](http://t.me/moskvatravel)
- [Билеты по России от 199 руб](http://t.me/moskvatravel)

А еще Египет, Южная Африка, Китай и Европа от 5000 рублей в одну сторону. Про Сочи не говорим, там бывает и 1000.

Приглашаем в канал с действительно дешёвыми билетами из Москвы: @moskvatravel

#реклама #текстприслан",3.3
191,Медуза — LIVE,"The Bell [спросил] западные компании, хотят ли они вернуться в Россию. Ответила 21 компания — и ни одна не подтвердила планы о возвращении

Журналисты направили запросы более 60 зарубежным компаниям, которые, по подсчетам Киевской школы экономики, были крупнейшими по выручке среди тех, кто ушел из России после вторжения в Украину. «Всего мы получили 21 ответ, и ни в одном из них не говорится об однозначных планах по возвращению в Россию», — пишет The Bell. 

Так, возвращаться в РФ сейчас не планируют: владелец магазинов IKEA Ingka, телекоммуникационный холдинг (владел «Билайном») VEON, нефтегазовая компания Wintershall Dea, сеть спортивных магазинов Decathlon, автопроизводитель Nissan и другие компании.

Еще три компании сообщили, что наблюдают за ситуацией в России. Это американские нефтесервисная Baker Hughes и производитель лифтов Otis, а также немецкая Bosch. В Apple, Microsoft, Inditex (владелец Zara и Massimo Dutti), Uniqlo, Starbucks, Ford, Visa, Mastercard и других крупных компаниях на запрос The Bell не ответили.",4.5
192,Раньше всех. Ну почти.,"❗️Советники по безопасности лидеров Великобритании, Германии и Франции отправились в США с неанонсированным визитом — Welt",4.5
193,РИА Новости,"Пользователи популярной среди россиян турецкой платежной системы Ininal не могут с субботы оплатить услуги и товары с ее помощью, сообщили РИА Новости клиенты этого сервиса.

Глава совета директоров Ininal Эркан Корк ранее был задержан властями по подозрению в отмывании денежных средств, полученных за счет нелегальных азартных игр.",3.9
194,Varlamov News,"Укрепление ВСУ в качестве гарантий безопасности Киеву опасно, «так как на украинскую армию сильно влияют националистические элементы» — Песков/«РИА Новости»",5.9
195,Медуза — LIVE,"История зизианцев — сообщества, которое от философских споров перешло к жестоким преступлениям

Рассказываем, как группа выходцев из Кремниевой долины прошла путь от «веганского анархо-трансгуманизма» и критики ИИ до расправ над оппонентами. Это аудиоверсия материала, а прочитать его можно [здесь]

———

«Радио Медуза» — это аудиоверсии наших главных текстов. Слушайте на [подкаст-платформах] на [ютьюбе] и в нашем [приложении]",3.9
196,Раньше всех. Ну почти.,"❗️Минздрав России разработал проект приказа, который уточняет перечень медицинских показаний для проведения аборта и корректирует критерии тяжести состояний, при которых необходимо прервать беременность, с акцентом на более тяжелые.",5.6
197,РИА Новости,"Минобороны России опубликовало кадры уничтожения бронетехники и живой силы 3-й бригады ВСУ «Азов» в ЛНР расчетами FPV-дронов 20-й гвардейской общевойсковой армии группировки войск «Запад».

 признан террористической организацией, запрещен в России",5.1
198,Varlamov News,"Путин: 

• Россия будет договариваться о следующих шагах по прекращению конфликта и выходу на приемлемые для всех договоренности, исходя из того, как будет складываться ситуация «на земле».

• Если США и Россия договорятся о сотрудничестве в области энергетики, то газовая труба для Европы может быть обеспечена.",6.4
199,Медуза — LIVE,"Война глазами читателей «Медузы». Сегодня мы публикуем письмо Ксении

«А я хочу разрешать себе чувствовать себя комфортно. Нет, не в тирании, в своей стране и в своей жизни. Потому что не претендую на геройство, не претендую стать новым мессией. Я не выбирала жить в исторические времена. Я маленький человек. И мне не стыдно в этом признаться. И вероятно, большому количеству других людей тоже, вне зависимости от их страны.

Да, я хочу оправдываться — я не голосовала за Путина и ни за кого из «Единой России» за все годы, я ходила на митинги, я донатила в организации, помогающие задержанным. Я не поддерживаю войну и поменяла взгляды как минимум нескольких человек на этот вопрос. На уровне своей маленьковости я сделала все, что могла.

Но мне есть что терять. От меня зависит моя семья, мои дети, мои животные. И я не хочу давать себе разрешения кого-то осуждать, мне безумно больно за всю кровь и слезы украинцев и людей, которые потеряли свой дом (по любой из причин), но хочу дать себе разрешение не утонуть в тоске и безысходности от всего происходящего».

Чтобы прочитать письмо до конца, нажмите на цитату — оно раскроется полностью.

———

Прошло три года с начала полномасштабного вторжения войск РФ в Украину. Какие чувства вы испытываете из-за продолжающейся войны? Надеетесь ли вы на ее скорое завершение? Как она влияет на вас прямо сейчас? Как изменилось за эти три года ваше отношение к происходящему, к России, к Украине, к миру? Поделитесь своим мнением с «Медузой» через [форму] обратной связи.",6.6
