channel,post,gpt_responses
–†–ò–ê –ù–æ–≤–æ—Å—Ç–∏,"–ì—É–±–µ—Ä–Ω–∞—Ç–æ—Ä –ü–æ–¥–º–æ—Å–∫–æ–≤—å—è –í–æ—Ä–æ–±—å–µ–≤ —Å—á–∏—Ç–∞–µ—Ç, —á—Ç–æ –≤ —à–∫–æ–ª–∞—Ö –¥–æ–ª–∂–Ω—ã —É—á–∏—Ç—å—Å—è —Ç–æ–ª—å–∫–æ —Ç–µ –¥–µ—Ç–∏ –º–∏–≥—Ä–∞–Ω—Ç–æ–≤, –∫–æ—Ç–æ—Ä—ã–µ –≤–ª–∞–¥–µ—é—Ç —Ä—É—Å—Å–∫–∏–º —è–∑—ã–∫–æ–º –∏ –ª–µ–≥–∞–ª—å–Ω–æ –Ω–∞—Ö–æ–¥—è—Ç—Å—è –Ω–∞ —Ç–µ—Ä—Ä–∏—Ç–æ—Ä–∏–∏ –†–æ—Å—Å–∏–∏, –ø—Ä–∏ —ç—Ç–æ–º –æ–Ω –Ω–µ –æ–±–µ—â–∞–ª –ø—Ä–∏–Ω–∏–º–∞—Ç—å –≤ —à–∫–æ–ª—ã –¥–µ—Ç–µ–π –º–∏–≥—Ä–∞–Ω—Ç–æ–≤ –±–µ–∑ –∑–Ω–∞–Ω–∏—è —è–∑—ã–∫–∞, —Å–æ–æ–±—â–∏–ª–∏ –†–ò–ê –ù–æ–≤–æ—Å—Ç–∏ –≤ –ø—Ä–µ—Å—Å-—Å–ª—É–∂–±–µ –ø—Ä–∞–≤–∏—Ç–µ–ª—å—Å—Ç–≤–∞ —Ä–µ–≥–∏–æ–Ω–∞.

–†–∞–Ω–µ–µ —Ä–∞–¥–∏–æ Sputnik –æ–ø—É–±–ª–∏–∫–æ–≤–∞–ª–æ –º–∞—Ç–µ—Ä–∏–∞–ª, –≤ –∫–æ—Ç–æ—Ä–æ–º –æ—à–∏–±–æ—á–Ω–æ —É—Ç–≤–µ—Ä–∂–¥–∞–ª–æ—Å—å, —á—Ç–æ –í–æ—Ä–æ–±—å–µ–≤ —Å–∫–∞–∑–∞–ª, —á—Ç–æ –¥–µ—Ç–∏, –Ω–µ –≤–ª–∞–¥–µ—é—â–∏–µ —Ä—É—Å—Å–∫–∏–º, –±—É–¥—É—Ç –¥–æ–ø—É—â–µ–Ω—ã –∫ —É—á–µ–±–µ –≤ —à–∫–æ–ª–∞—Ö –ü–æ–¥–º–æ—Å–∫–æ–≤—å—è. 

–ì—É–±–µ—Ä–Ω–∞—Ç–æ—Ä –æ–±—Ä–∞—Ç–∏–ª –≤–Ω–∏–º–∞–Ω–∏–µ –º–∏–Ω–∏—Å—Ç—Ä–∞ –æ–±—Ä–∞–∑–æ–≤–∞–Ω–∏—è —Ä–µ–≥–∏–æ–Ω–∞ –Ω–∞ —Ç–æ, —á—Ç–æ –≤ —à–∫–æ–ª–∞—Ö –¥–æ–ª–∂–Ω—ã —É—á–∏—Ç—å—Å—è —Ç–æ–ª—å–∫–æ —Ç–µ, –∫—Ç–æ –≤–ª–∞–¥–µ–µ—Ç —Ä—É—Å—Å–∫–∏–º —è–∑—ã–∫–æ–º –∏ –ª–µ–≥–∞–ª—å–Ω–æ –Ω–∞—Ö–æ–¥—è—Ç—Å—è –≤ –†–æ—Å—Å–∏–∏","Scale: 3  
Impact: 4  
Novelty: 3  
Potential: 4  
Legacy: 2  
Positivity: 2"
Varlamov News,"–î–æ–∂–¥–∞–ª–∏—Å—å, –≤ Telegram –¥–æ–±–∞–≤–∏–ª–∏ ChatGPT –∏ Midjourney

–ü—Ä–æ–±—É–π—Ç–µ: [@ChatGPT]

#—Ä–µ–∫–ª–∞–º–∞ #—Ç–µ–∫—Å—Ç–ø—Ä–∏—Å–ª–∞–Ω","Scale: 5  
Impact: 6  
Novelty: 6  
Potential: 7  
Legacy: 4  
Positivity: 8"
–ú–µ–¥—É–∑–∞ ‚Äî LIVE,"¬´–†–∞–¥–∏–æ –°–≤–æ–±–æ–¥–∞¬ª –∏ ¬´–ì–æ–ª–æ—Å –ê–º–µ—Ä–∏–∫–∏¬ª –ø–æ–¥ —É–≥—Ä–æ–∑–æ–π –∑–∞–∫—Ä—ã—Ç–∏—è –∏–∑-–∑–∞ —É–∫–∞–∑–∞ –¢—Ä–∞–º–ø–∞

–ü—Ä–µ–∑–∏–¥–µ–Ω—Ç –°–®–ê —Ä–∞—Å–ø–æ—Ä—è–¥–∏–ª—Å—è –ø—Ä–æ–≤–µ—Å—Ç–∏ —Å–æ–∫—Ä–∞—â–µ–Ω–∏—è –≤ –ê–≥–µ–Ω—Ç—Å—Ç–≤–µ –°–®–ê –ø–æ –≥–ª–æ–±–∞–ª—å–Ω—ã–º –º–µ–¥–∏–∞, –∫–æ—Ç–æ—Ä–æ–µ –∫—É—Ä–∏—Ä—É–µ—Ç ¬´–ì–æ–ª–æ—Å –ê–º–µ—Ä–∏–∫–∏¬ª –∏ ¬´–†–∞–¥–∏–æ –°–≤–æ–±–æ–¥–∞¬ª. ¬´–ì–æ–ª–æ—Å –ê–º–µ—Ä–∏–∫–∏¬ª —É–∂–µ –æ—Å—Ç–∞–Ω–æ–≤–∏–ª –≤–µ—â–∞–Ω–∏–µ –∏¬†[—É–≤–æ–ª—å–Ω—è–µ—Ç]¬†—Å–æ—Ç—Ä—É–¥–Ω–∏–∫–æ–≤, –∞ ¬´–†–∞–¥–∏–æ –°–≤–æ–±–æ–¥–∞¬ª —É–≤–µ–¥–æ–º–ª–µ–Ω–æ –æ –ø—Ä–µ–∫—Ä–∞—â–µ–Ω–∏–∏ —Ñ–∏–Ω–∞–Ω—Å–∏—Ä–æ–≤–∞–Ω–∏—è. –ü–æ—Å–ª—É—à–∞–π—Ç–µ –∞—É–¥–∏–æ–≤–µ—Ä—Å–∏—é¬†[—Ç–µ–∫—Å—Ç–∞]¬†–æ–± –∞—Ç–∞–∫–µ –¢—Ä–∞–º–ø–∞ –Ω–∞ –°–ú–ò, —Ä–∞–±–æ—Ç–∞ –∫–æ—Ç–æ—Ä—ã—Ö –æ—á–µ–Ω—å –≤–∞–∂–Ω–∞ –¥–ª—è —Å—Ç—Ä–∞–Ω, –≥–¥–µ –µ—Å—Ç—å –ø—Ä–æ–±–ª–µ–º—ã —Å–æ —Å–≤–æ–±–æ–¥–æ–π —Å–ª–æ–≤–∞.

‚Äî‚Äî‚Äî

¬´–†–∞–¥–∏–æ –ú–µ–¥—É–∑–∞¬ª ‚Äî —ç—Ç–æ –∞—É–¥–∏–æ–≤–µ—Ä—Å–∏–∏ –Ω–∞—à–∏—Ö –≥–ª–∞–≤–Ω—ã—Ö —Ç–µ–∫—Å—Ç–æ–≤. –°–ª—É—à–∞–π—Ç–µ –Ω–∞¬†[–ø–æ–¥–∫–∞—Å—Ç-–ø–ª–∞—Ç—Ñ–æ—Ä–º–∞—Ö] –Ω–∞¬†[—é—Ç—å—é–±–µ]¬†–∏ –≤ –Ω–∞—à–µ–º¬†[–ø—Ä–∏–ª–æ–∂–µ–Ω–∏–∏]","Scale: 6  
Impact: 7  
Novelty: 5  
Potential: 6  
Legacy: 5  
Positivity: 3"
BRIEFLY,"‚ùóÔ∏è–î–æ–Ω–∞–ª—å–¥ –¢—Ä–∞–º–ø –≤ —Å–æ—Ü–∏–∞–ª—å–Ω–æ–π —Å–µ—Ç–∏ Truth Social: 

‚Äî –ü—É—Å—Ç—å –Ω–∏–∫—Ç–æ –Ω–µ –æ–±–º–∞–Ω—ã–≤–∞–µ—Ç—Å—è! –°–æ—Ç–Ω–∏ –Ω–∞–ø–∞–¥–µ–Ω–∏–π, —Å–æ–≤–µ—Ä—à–∞–µ–º—ã—Ö ¬´–•—É—Ç–∏¬ª, –∑–ª–æ–≤–µ—â–∏–º–∏ –±–∞–Ω–¥–∏—Ç–∞–º–∏ –∏ –≥–æ–ª–æ–≤–æ—Ä–µ–∑–∞–º–∏, –±–∞–∑–∏—Ä—É—é—â–∏–º–∏—Å—è –≤ –ô–µ–º–µ–Ω–µ, –∫–æ—Ç–æ—Ä—ã—Ö –Ω–µ–Ω–∞–≤–∏–¥–∏—Ç –π–µ–º–µ–Ω—Å–∫–∏–π –Ω–∞—Ä–æ–¥, –∏—Å—Ö–æ–¥—è—Ç –æ—Ç –ò–†–ê–ù–ê –∏ —Å–æ–∑–¥–∞–Ω—ã –∏–º. 

‚Äî–õ—é–±–∞—è –¥–∞–ª—å–Ω–µ–π—à–∞—è –∞—Ç–∞–∫–∞ –∏–ª–∏ –æ—Ç–≤–µ—Ç–Ω—ã–µ –¥–µ–π—Å—Ç–≤–∏—è ¬´—Ö—É—Ç–∏¬ª –±—É–¥—É—Ç –≤—Å—Ç—Ä–µ—á–µ–Ω—ã —Å –±–æ–ª—å—à–æ–π —Å–∏–ª–æ–π, –∏ –Ω–µ—Ç –Ω–∏–∫–∞–∫–∏—Ö –≥–∞—Ä–∞–Ω—Ç–∏–π, —á—Ç–æ —ç—Ç–∞ —Å–∏–ª–∞ –æ—Å—Ç–∞–Ω–æ–≤–∏—Ç—Å—è –Ω–∞ —ç—Ç–æ–º. –ò—Ä–∞–Ω –∏–≥—Ä–∞–µ—Ç –≤ ¬´–Ω–µ–≤–∏–Ω–Ω—É—é –∂–µ—Ä—Ç–≤—É¬ª —Ç–µ—Ä—Ä–æ—Ä–∏—Å—Ç–æ–≤-–∏–∑–≥–æ–µ–≤, –Ω–∞–¥ –∫–æ—Ç–æ—Ä—ã–º–∏ –æ–Ω–∏ –ø–æ—Ç–µ—Ä—è–ª–∏ –∫–æ–Ω—Ç—Ä–æ–ª—å, –Ω–æ –æ–Ω–∏ –Ω–µ –ø–æ—Ç–µ—Ä—è–ª–∏ –∫–æ–Ω—Ç—Ä–æ–ª—å. 

‚Äî –û–Ω–∏ –¥–∏–∫—Ç—É—é—Ç –∫–∞–∂–¥—ã–π —à–∞–≥, –¥–∞—é—Ç –∏–º –æ—Ä—É–∂–∏–µ, —Å–Ω–∞–±–∂–∞—é—Ç –∏—Ö –¥–µ–Ω—å–≥–∞–º–∏ –∏ –æ—á–µ–Ω—å —Å–ª–æ–∂–Ω–æ–π –≤–æ–µ–Ω–Ω–æ–π —Ç–µ—Ö–Ω–∏–∫–æ–π, –∏ –¥–∞–∂–µ, —Ç–∞–∫ –Ω–∞–∑—ã–≤–∞–µ–º–æ–π, ¬´—Ä–∞–∑–≤–µ–¥–∫–æ–π¬ª. –° —ç—Ç–æ–≥–æ –º–æ–º–µ–Ω—Ç–∞ –∫–∞–∂–¥—ã–π –≤—ã—Å—Ç—Ä–µ–ª —Ö—É—Ç–∏ –±—É–¥–µ—Ç —Ä–∞—Å—Å–º–∞—Ç—Ä–∏–≤–∞—Ç—å—Å—è –∫–∞–∫ –≤—ã—Å—Ç—Ä–µ–ª, –ø—Ä–æ–∏–∑–≤–µ–¥–µ–Ω–Ω—ã–π –∏–∑ –æ—Ä—É–∂–∏—è –∏ —Ä—É–∫–æ–≤–æ–¥—Å—Ç–≤–æ–º –ò–†–ê–ù–ê, –∏ –ò–†–ê–ù –±—É–¥–µ—Ç –Ω–µ—Å—Ç–∏ –æ—Ç–≤–µ—Ç—Å—Ç–≤–µ–Ω–Ω–æ—Å—Ç—å –∏ —Å—Ç—Ä–∞–¥–∞—Ç—å –æ—Ç –ø–æ—Å–ª–µ–¥—Å—Ç–≤–∏–π, –∏ —ç—Ç–∏ –ø–æ—Å–ª–µ–¥—Å—Ç–≤–∏—è –±—É–¥—É—Ç —É–∂–∞—Å–Ω—ã–º–∏! #–°–®–ê 

–î–û–ù–ê–õ–¨–î –î–ñ. –¢–†–ê–ú–ü,
–ü–†–ï–ó–ò–î–ï–ù–¢ –°–û–ï–î–ò–ù–ï–ù–ù–´–• –®–¢–ê–¢–û–í –ê–ú–ï–†–ò–ö–ò

[–ü–æ–¥–ø–∏—Å–∞—Ç—å—Å—è] [| –°–∞–π—Ç]","Scale: 6  
Impact: 7  
Novelty: 4  
Potential: 7  
Legacy: 5  
Positivity: 2"
–ù—å—é—Å–∞—á/–î–≤–∞—á,"–≠—Å–∫–æ—Ä—Ç–Ω–∏—Ü–∞ –∑–∞—à–ª–∞ –≤ —á–∞—Ç –õ–∏–≥–∏ –°—Ç–∞–≤–æ–∫ –∏ –≤—ã—à–ª–∞ —Å –¥–∂–µ–∫–ø–æ—Ç–æ–º.

–ü—Ä–æ—Å—Ç–æ–π –ø–µ—Ä–µ–ø–∏—Å–∫–æ–π –¥–µ–ª–æ –Ω–µ –∑–∞–∫–æ–Ω—á–∏–ª–æ—Å—å. –î–µ–≤—É—à–∫–∞ –º–∞—Å—Ç–µ—Ä—Å–∫–∏ —Ä–∞—Å–∫—Ä—É—Ç–∏–ª–∞ –Ω–∞ –Ω–æ—á—å –≤ —à–∏–∫–∞—Ä–Ω–æ–º –æ—Ç–µ–ª–µ VIP-–∫–ª–∏–µ–Ω—Ç–∞, –∫–æ—Ç–æ—Ä—ã–π –æ–∫–∞–∑–∞–ª—Å—è —Ç–µ–º —Å–∞–º—ã–º —Ä—ç–ø–µ—Ä–æ–º, —á—å–∏ —Ç—Ä–µ–∫–∏ –≤–∏—Ä—É—Å—è—Ç—Å—è –Ω–∞ –≤—Å–µ—Ö –ø–ª–æ—â–∞–¥–∫–∞—Ö.

–¢–µ–ø–µ—Ä—å —è—Å–Ω–æ, –≥–¥–µ –∫—Ä—É—Ç—è—Ç—Å—è —Å–µ—Ä—å—ë–∑–Ω—ã–µ –∏–≥—Ä–æ–∫–∏. –í–∞–∂–Ω–æ –ª–∏—à—å –∑–Ω–∞—Ç—å, –∫–æ–º—É –∏ –∫–∞–∫ –ø–æ–¥–∞—Ç—å —Å–∏–≥–Ω–∞–ª.","Scale: 3  
Impact: 4  
Novelty: 5  
Potential: 2  
Legacy: 1  
Positivity: 3"
–†–∞–Ω—å—à–µ –≤—Å–µ—Ö. –ù—É –ø–æ—á—Ç–∏.,‚ö°Ô∏è–í–Ω–µ–±–∏—Ä–∂–µ–≤–æ–π –∫—É—Ä—Å –¥–æ–ª–ª–∞—Ä–∞ –æ–ø—É—Å—Ç–∏–ª—Å—è –Ω–∏–∂–µ 82 —Ä—É–±–ª–µ–π –≤–ø–µ—Ä–≤—ã–µ —Å 20 –∏—é–Ω—è 2024 –≥–æ–¥–∞,"Scale: 5  
Impact: 6  
Novelty: 4  
Potential: 5  
Legacy: 3  
Positivity: 6"
–†–ò–ê –ù–æ–≤–æ—Å—Ç–∏,–í–Ω–µ–±–∏—Ä–∂–µ–≤–æ–π –∫—É—Ä—Å –¥–æ–ª–ª–∞—Ä–∞ –æ–ø—É—Å—Ç–∏–ª—Å—è –Ω–∏–∂–µ 82 —Ä—É–±–ª–µ–π –≤–ø–µ—Ä–≤—ã–µ —Å 20 –∏—é–Ω—è 2024-–≥–æ,"Scale: 5  
Impact: 6  
Novelty: 6  
Potential: 5  
Legacy: 4  
Positivity: 5"
Varlamov News,"–ü–æ–¥–º–æ—Å–∫–æ–≤–Ω—ã–µ —Å–ø–∞—Å–∞—Ç–µ–ª–∏ –≤—ã—Ç–∞—â–∏–ª–∏ –∏–∑ –ø–æ–ª—ã–Ω—å–∏ –ª–æ—Å–∏—Ö—É, –ø—Ä–æ–≤–∞–ª–∏–≤—à—É—é—Å—è –ø–æ–¥ –ª–µ–¥ –Ω–∞ –û–∑–µ—Ä–Ω–∏–Ω—Å–∫–æ–º –≤–æ–¥–æ—Ö—Ä–∞–Ω–∏–ª–∏—â–µ: –∂–∏–≤–æ—Ç–Ω–æ–µ –∑–∞—Å—Ç—Ä—è–ª–æ –≤ 200 –º–µ—Ç—Ä–∞—Ö –æ—Ç –±–µ—Ä–µ–≥–∞, –æ—á–µ–≤–∏–¥—Ü—ã –æ–±—Ä–∞—Ç–∏–ª–∏—Å—å –∫ —Å–ø–∞—Å–∞—Ç–µ–ª—è–º, –∏ —Ç–µ —Å –ø–æ–º–æ—â—å—é –≤–µ—Ä–µ–≤–æ–∫ –≤—ã—Ç—è–Ω—É–ª–∏ –ª–æ—Å–∏—Ö—É –Ω–∞ –±–µ—Ä–µ–≥, –∞ –ø–æ—Ç–æ–º –ø–µ—Ä–µ–¥–∞–ª–∏ –≤–µ—Ç–µ—Ä–∏–Ω–∞—Ä–∞–º ‚Äî ¬´–ú–æ—Å–æ–±–ª–ø–æ–∂—Å–ø–∞—Å¬ª","Scale: 3  
Impact: 4  
Novelty: 5  
Potential: 2  
Legacy: 1  
Positivity: 7"
–ú–µ–¥—É–∑–∞ ‚Äî LIVE,"¬´–ü–æ–∫–∞ –Ω–µ–≤–æ–∑–º–æ–∂–Ω–æ –≥–æ–≤–æ—Ä–∏—Ç—å –æ¬†—Å—Ä–æ–∫–∞—Ö¬ª. –ü–µ—Å–∫–æ–≤¬†‚Äî –æ¬†–ø–æ—Ç–µ–Ω—Ü–∏–∞–ª—å–Ω–æ–π –≤—Å—Ç—Ä–µ—á–µ –ü—É—Ç–∏–Ω–∞ –∏¬†–¢—Ä–∞–º–ø–∞

–°–µ–π—á–∞—Å –Ω–µ—Ç ¬´–Ω–∏–∫–∞–∫–∏—Ö –Ω–∞–º–µ—Ç–æ–∫¬ª –ø–æ¬†–ø–æ–≤–æ–¥—É –≤–æ–∑–º–æ–∂–Ω–æ–π –≤—Å—Ç—Ä–µ—á–∏ –ø—Ä–µ–∑–∏–¥–µ–Ω—Ç–æ–≤ –†–§¬†–∏¬†–°–®–ê –í–ª–∞–¥–∏–º–∏—Ä–∞ –ü—É—Ç–∏–Ω–∞ –∏¬†–î–æ–Ω–∞–ª—å–¥–∞ –¢—Ä–∞–º–ø–∞, [–∑–∞—è–≤–∏–ª] –ø—Ä–µ—Å—Å-—Å–µ–∫—Ä–µ—Ç–∞—Ä—å –ü—É—Ç–∏–Ω–∞.

¬´–ü–æ–∫–∞ –Ω–µ–≤–æ–∑–º–æ–∂–Ω–æ –≥–æ–≤–æ—Ä–∏—Ç—å –æ¬†—Å—Ä–æ–∫–∞—Ö, –ø–æ—Ç–æ–º—É —á—Ç–æ –Ω–µ—Ç –Ω–∏–∫–∞–∫–∏—Ö –Ω–∞–º–µ—Ç–æ–∫. –ï—Å–ª–∏ –ø—Ä–µ–∑–∏–¥–µ–Ω—Ç—ã –ø—Ä–∏–º—É—Ç —Ä–µ—à–µ–Ω–∏–µ, —Ç–æ¬†–≤—Å—Ç—Ä–µ—á–∞ –±—É–¥–µ—Ç, –∫–æ–Ω–µ—á–Ω–æ, –≥–æ—Ç–æ–≤–∏—Ç—å—Å—è –≤¬†—Ç–µ¬†—Å—Ä–æ–∫–∏, –∫–æ—Ç–æ—Ä—ã–µ —É—Å—Ç–∞–Ω–æ–≤—è—Ç —Å–∞–º–∏ –≥–ª–∞–≤—ã –≥–æ—Å—É–¥–∞—Ä—Å—Ç–≤¬ª,¬†‚Äî —Å–∫–∞–∑–∞–ª –æ–Ω.


–ü–µ—Å–∫–æ–≤ –æ—Ç–º–µ—Ç–∏–ª, —á—Ç–æ —Å–µ–π—á–∞—Å –ú–æ—Å–∫–≤–∞ –∏¬†–í–∞—à–∏–Ω–≥—Ç–æ–Ω ¬´–ø–æ¬†–ø—É—Ç–∏ —Ä–µ–∞–Ω–∏–º–∞—Ü–∏–∏ –Ω–∞—à–∏—Ö –¥–≤—É—Å—Ç–æ—Ä–æ–Ω–Ω–∏—Ö –æ—Ç–Ω–æ—à–µ–Ω–∏–π –∏¬†–≤–æ—Å—Å—Ç–∞–Ω–æ–≤–ª–µ–Ω–∏—è —Ä–∞–∑–ª–∏—á–Ω—ã—Ö —Ä–µ–∂–∏–º–æ–≤ –¥–∏–∞–ª–æ–≥–∞ –Ω–∞¬†—Ä–∞–∑–Ω—ã—Ö —É—Ä–æ–≤–Ω—è—Ö¬ª.

‚Äî‚Äî‚Äî

–¢—Ä–∞–º–ø –∏¬†–ü—É—Ç–∏–Ω, –∫–∞–∫ –æ–∂–∏–¥–∞–µ—Ç—Å—è, 18¬†–º–∞—Ä—Ç–∞ –ø—Ä–æ–≤–µ–¥—É—Ç —Ç–µ–ª–µ—Ñ–æ–Ω–Ω—ã–π —Ä–∞–∑–≥–æ–≤–æ—Ä. –í¬†–ø–æ—Å–ª–µ–¥–Ω–∏–π —Ä–∞–∑ –¥–æ¬†—ç—Ç–æ–≥–æ –ø—Ä–µ–∑–∏–¥–µ–Ω—Ç—ã –°–®–ê –∏¬†–†–æ—Å—Å–∏–∏ –≥–æ–≤–æ—Ä–∏–ª–∏ –ø–æ¬†—Ç–µ–ª–µ—Ñ–æ–Ω—É 12¬†—Ñ–µ–≤—Ä–∞–ª—è. –°—Ä–∞–∑—É –ø–æ—Å–ª–µ —ç—Ç–æ–≥–æ —Å—Ç—Ä–∞–Ω—ã –¥–æ–≥–æ–≤–æ—Ä–∏–ª–∏—Å—å –Ω–∞—á–∞—Ç—å –¥–≤—É—Å—Ç–æ—Ä–æ–Ω–Ω–∏–µ –∫–æ–Ω—Å—É–ª—å—Ç–∞—Ü–∏–∏, –Ω–∞–ø—Ä–∞–≤–ª–µ–Ω–Ω—ã–µ –Ω–∞¬†–ø—Ä–µ–∫—Ä–∞—â–µ–Ω–∏–µ —Ä–æ—Å—Å–∏–π—Å–∫–æ-—É–∫—Ä–∞–∏–Ω—Å–∫–æ–π –≤–æ–π–Ω—ã.","Scale: 8  
Impact: 6  
Novelty: 5  
Potential: 7  
Legacy: 6  
Positivity: 6"
BRIEFLY,"‚ùóÔ∏èBloomberg: –ü—É—Ç–∏–Ω —Ä–∞–∑—Ä–µ—à–∞–µ—Ç –Ω–µ–∫–æ—Ç–æ—Ä—ã–º –∑–∞–ø–∞–¥–Ω—ã–º —Ñ–æ–Ω–¥–∞–º –ø—Ä–æ–¥–∞–≤–∞—Ç—å —Ä–æ—Å—Å–∏–π—Å–∫–∏–µ —Ü–µ–Ω–Ω—ã–µ –±—É–º–∞–≥–∏.

‚ñ™Ô∏è–ü—Ä–µ–∑–∏–¥–µ–Ω—Ç –í–ª–∞–¥–∏–º–∏—Ä –ü—É—Ç–∏–Ω —Ä–∞–∑—Ä–µ—à–∏–ª —Ä—è–¥—É –º–µ–∂–¥—É–Ω–∞—Ä–æ–¥–Ω—ã—Ö –∏–Ω–≤–µ—Å—Ç–∏—Ü–∏–æ–Ω–Ω—ã—Ö —Ñ–æ–Ω–¥–æ–≤, –≤–∫–ª—é—á–∞—è –∞–º–µ—Ä–∏–∫–∞–Ω—Å–∫–∏–µ, –ø—Ä–æ–¥–∞–≤–∞—Ç—å —Ä–æ—Å—Å–∏–π—Å–∫–∏–µ —Ü–µ–Ω–Ω—ã–µ –±—É–º–∞–≥–∏ ‚Äî –∑–∞ –¥–µ–Ω—å –¥–æ –∑–∞–ø–ª–∞–Ω–∏—Ä–æ–≤–∞–Ω–Ω—ã—Ö –ø–µ—Ä–µ–≥–æ–≤–æ—Ä–æ–≤ —Å –ø—Ä–µ–∑–∏–¥–µ–Ω—Ç–æ–º –°–®–ê –î–æ–Ω–∞–ª—å–¥–æ–º –¢—Ä–∞–º–ø–æ–º –æ –≤–æ–∑–º–æ–∂–Ω–æ–º –ø—Ä–µ–∫—Ä–∞—â–µ–Ω–∏–∏ –æ–≥–Ω—è –Ω–∞ –£–∫—Ä–∞–∏–Ω–µ.  

‚ñ™Ô∏è–°–æ–≥–ª–∞—Å–Ω–æ –æ–ø—É–±–ª–∏–∫–æ–≤–∞–Ω–Ω–æ–º—É —É–∫–∞–∑—É, –ü—É—Ç–∏–Ω –ø–æ–∑–≤–æ–ª–∏–ª –∑–∞—Ä–µ–≥–∏—Å—Ç—Ä–∏—Ä–æ–≤–∞–Ω–Ω–æ–º—É –≤ –°–®–ê —Ñ–æ–Ω–¥—É 683 Capital Partners LP –ø—Ä–∏–æ–±—Ä–µ—Ç–∞—Ç—å —Ü–µ–Ω–Ω—ã–µ –±—É–º–∞–≥–∏ —Ä–æ—Å—Å–∏–π—Å–∫–∏—Ö –∫–æ–º–ø–∞–Ω–∏–π, –∫–æ—Ç–æ—Ä—ã–µ —Ä–∞–Ω–µ–µ –ø—Ä–∏–Ω–∞–¥–ª–µ–∂–∞–ª–∏ –ø—Ä–∏–º–µ—Ä–Ω–æ –¥—é–∂–∏–Ω–µ –∑–∞–ø–∞–¥–Ω—ã—Ö –∏–Ω–≤–µ—Å—Ç–∏—Ü–∏–æ–Ω–Ω—ã—Ö –∏ —Ö–µ–¥–∂-—Ñ–æ–Ω–¥–æ–≤. –°—Ä–µ–¥–∏ —Ñ–æ–Ω–¥–æ–≤, –ø–æ–ª—É—á–∏–≤—à–∏—Ö –ø—Ä–∞–≤–æ –ø—Ä–æ–¥–∞—Ç—å —Å–≤–æ–∏ –∞–∫—Ç–∏–≤—ã, –æ–∫–∞–∑–∞–ª–∏—Å—å Franklin Advisers Inc., Templeton Asset Management Ltd. –∏ Baillie Gifford Overseas Ltd.

‚ñ™Ô∏è–£–∫–∞–∑ —Ç–∞–∫–∂–µ —É–ø–æ–ª–Ω–æ–º–æ—á–∏–≤–∞–µ—Ç –¥–≤–µ —Ä–æ—Å—Å–∏–π—Å–∫–∏–µ —Å—Ç—Ä—É–∫—Ç—É—Ä—ã –ø—Ä–æ–≤–æ–¥–∏—Ç—å —Å–¥–µ–ª–∫–∏ —Å 683 Capital, —Å–≤—è–∑–∞–Ω–Ω—ã–µ —Å —ç—Ç–∏–º–∏ —Ü–µ–Ω–Ω—ã–º–∏ –±—É–º–∞–≥–∞–º–∏.  
–ö—Ä–µ–º–ª—å –Ω–µ –ø—Ä–µ–¥–æ—Å—Ç–∞–≤–∏–ª –¥–æ–ø–æ–ª–Ω–∏—Ç–µ–ª—å–Ω–æ–π –∏–Ω—Ñ–æ—Ä–º–∞—Ü–∏–∏.  

‚ñ™Ô∏è683 Capital, –±–∞–∑–∏—Ä—É—é—â–∏–π—Å—è –≤ –ù—å—é-–ô–æ—Ä–∫–µ, –ø–æ —Å–æ—Å—Ç–æ—è–Ω–∏—é –Ω–∞ –∫–æ–Ω–µ—Ü 2023 –≥–æ–¥–∞ —É–ø—Ä–∞–≤–ª—è–ª –∞–∫—Ç–∏–≤–∞–º–∏ –Ω–∞ —Å—É–º–º—É $1,95 –º–ª—Ä–¥ —á–µ—Ä–µ–∑ –æ—Å–Ω–æ–≤–Ω–æ–π —Ñ–æ–Ω–¥ –∏ –æ—Ñ—à–æ—Ä–Ω—ã–π —Ñ–æ–Ω–¥-—Å–ø—É—Ç–Ω–∏–∫. –ö–æ–º–ø–∞–Ω–∏—è –±—ã–ª–∞ –æ—Å–Ω–æ–≤–∞–Ω–∞ –≤ 2006 –≥–æ–¥—É –∏ —É–ø—Ä–∞–≤–ª—è–µ—Ç—Å—è –ê—Ä–∏ –¶–≤–µ–π–º–∞–Ω–æ–º.  

‚ñ™Ô∏è–ü–æ—Å–ª–µ –Ω–∞—á–∞–ª–∞ –≤–æ–µ–Ω–Ω–æ–≥–æ –∫–æ–Ω—Ñ–ª–∏–∫—Ç–∞ –Ω–∞ –£–∫—Ä–∞–∏–Ω–µ –∑–∞–ø–∞–¥–Ω—ã–µ –±–∏—Ä–∂–∏ –ø—Ä–∏–æ—Å—Ç–∞–Ω–æ–≤–∏–ª–∏ –æ–ø–µ—Ä–∞—Ü–∏–∏ —Å —Ä–æ—Å—Å–∏–π—Å–∫–∏–º–∏ —Ü–µ–Ω–Ω—ã–º–∏ –±—É–º–∞–≥–∞–º–∏ –≤ 2022 –≥–æ–¥—É, –∏ —Ç–æ—Ä–≥–æ–≤–ª—è –ø–µ—Ä–µ–º–µ—Å—Ç–∏–ª–∞—Å—å –Ω–∞ –≤–Ω–µ–±–∏—Ä–∂–µ–≤—ã–µ —Ä—ã–Ω–∫–∏. –°–∞–Ω–∫—Ü–∏–∏, –≤–≤–µ–¥–µ–Ω–Ω—ã–µ –≤ –æ—Ç–≤–µ—Ç –Ω–∞ –¥–µ–π—Å—Ç–≤–∏—è –ü—É—Ç–∏–Ω–∞, —Ä–∞–∑–æ—Ä–≤–∞–ª–∏ —Å–≤—è–∑—å –º–µ–∂–¥—É —Ä–æ—Å—Å–∏–π—Å–∫–∏–º–∏ –∏ –∑–∞–ø–∞–¥–Ω—ã–º–∏ —Ñ–∏–Ω–∞–Ω—Å–æ–≤—ã–º–∏ —Ä—ã–Ω–∫–∞–º–∏, –ª–∏—à–∏–≤ –º–Ω–æ–≥–∏–µ —Ñ–æ–Ω–¥—ã –≤–æ–∑–º–æ–∂–Ω–æ—Å—Ç–∏ –ø—Ä–æ–¥–∞—Ç—å —Å–≤–æ–∏ —Ä–æ—Å—Å–∏–π—Å–∫–∏–µ –∞–∫—Ç–∏–≤—ã.  

‚ñ™Ô∏è–†–æ—Å—Å–∏—è –≤—Å–∫–æ—Ä–µ –ø–æ—Å–ª–µ –Ω–∞—á–∞–ª–∞ –∫–æ–Ω—Ñ–ª–∏–∫—Ç–∞ –∑–∞–±–ª–æ–∫–∏—Ä–æ–≤–∞–ª–∞ —Å—Ä–µ–¥—Å—Ç–≤–∞ –∏ —Ü–µ–Ω–Ω—ã–µ –±—É–º–∞–≥–∏, –ø—Ä–∏–Ω–∞–¥–ª–µ–∂–∞—â–∏–µ –Ω–µ—Ä–µ–∑–∏–¥–µ–Ω—Ç–∞–º –∏–∑ ¬´–Ω–µ–¥—Ä—É–∂–µ—Å—Ç–≤–µ–Ω–Ω—ã—Ö¬ª —Å—Ç—Ä–∞–Ω, –Ω–∞ —Å–ø–µ—Ü–∏–∞–ª—å–Ω—ã—Ö ¬´–°¬ª —Å—á–µ—Ç–∞—Ö. 

‚ñ™Ô∏è–ü–æ –¥–∞–Ω–Ω—ã–º –¶–µ–Ω—Ç—Ä–æ–±–∞–Ω–∫–∞ –†–æ—Å—Å–∏–∏, –Ω–∞ —ç—Ç–∏—Ö —Å—á–µ—Ç–∞—Ö –∫ –º–∞—Ä—Ç—É 2023 –≥–æ–¥–∞ –Ω–∞—Ö–æ–¥–∏–ª–æ—Å—å –±–æ–ª–µ–µ 500 –º–∏–ª–ª–∏–∞—Ä–¥–æ–≤ —Ä—É–±–ª–µ–π ($6,4 –º–ª—Ä–¥ –Ω–∞ —Ç–æ—Ç –º–æ–º–µ–Ω—Ç). –ü–æ–∑–∂–µ —Ä–µ–≥—É–ª—è—Ç–æ—Ä –ø—Ä–µ–∫—Ä–∞—Ç–∏–ª —Ä–∞—Å–∫—Ä—ã–≤–∞—Ç—å –¥–∞–Ω–Ω—ã–µ, –Ω–æ –≤—ã–ø–ª–∞—Ç—ã –¥–∏–≤–∏–¥–µ–Ω–¥–æ–≤, –∫—É–ø–æ–Ω–æ–≤ –∏ –¥–æ–ª–≥–æ–≤ –ø–æ –æ–±–ª–∏–≥–∞—Ü–∏—è–º –ø–æ—Å—Ç–µ–ø–µ–Ω–Ω–æ –Ω–∞–∫–∞–ø–ª–∏–≤–∞–ª–∏—Å—å –Ω–∞ —ç—Ç–∏—Ö —Å—á–µ—Ç–∞—Ö.  

‚ñ™Ô∏è–ó–∞–ø–∞–¥–Ω—ã–µ –∫–æ–º–ø–∞–Ω–∏–∏, –ø–æ–∫–∏–¥–∞—è –†–æ—Å—Å–∏—é, –æ–±—ã—á–Ω–æ —Å—Ç—Ä–µ–º—è—Ç—Å—è –ø–æ–ª—É—á–∏—Ç—å –æ–¥–æ–±—Ä–µ–Ω–∏–µ —Ä–µ–≥—É–ª—è—Ç–æ—Ä–æ–≤ –°–®–ê –∏–ª–∏ –ï–°. –ù–µ—è—Å–Ω–æ, —Å–¥–µ–ª–∞–ª–∏ –ª–∏ —ç—Ç–æ —Ñ–æ–Ω–¥—ã –≤ –¥–∞–Ω–Ω–æ–º —Å–ª—É—á–∞–µ.  

‚ñ™Ô∏è–ö—Ä–µ–º–ª—å –ø–æ–¥—Ç–≤–µ—Ä–¥–∏–ª, —á—Ç–æ –ü—É—Ç–∏–Ω –∏ –¢—Ä–∞–º–ø –ø—Ä–æ–≤–µ–¥—É—Ç —Ç–µ–ª–µ—Ñ–æ–Ω–Ω—ã–µ –ø–µ—Ä–µ–≥–æ–≤–æ—Ä—ã –≤–æ –≤—Ç–æ—Ä–Ω–∏–∫ –Ω–∞ —Ñ–æ–Ω–µ —É—Å–∏–ª–∏–π –°–®–ê –¥–æ–±–∏—Ç—å—Å—è 30-–¥–Ω–µ–≤–Ω–æ–≥–æ –ø–µ—Ä–µ–º–∏—Ä–∏—è, –∫–æ—Ç–æ—Ä–æ–µ –£–∫—Ä–∞–∏–Ω–∞ —É–∂–µ —Å–æ–≥–ª–∞—Å–∏–ª–∞—Å—å –ø—Ä–∏–Ω—è—Ç—å. –ê–º–µ—Ä–∏–∫–∞–Ω—Å–∫–∏–µ –∏ —Ä–æ—Å—Å–∏–π—Å–∫–∏–µ –ø—Ä–µ–¥—Å—Ç–∞–≤–∏—Ç–µ–ª–∏ —Ç–∞–∫–∂–µ –Ω–∞—á–∞–ª–∏ –æ–±—Å—É–∂–¥–∞—Ç—å –Ω–µ–∫–æ—Ç–æ—Ä—ã–µ –±–∏–∑–Ω–µ—Å-–ø—Ä–æ–µ–∫—Ç—ã, –≤–∫–ª—é—á–∞—è —Å–æ—Ç—Ä—É–¥–Ω–∏—á–µ—Å—Ç–≤–æ –≤ –≥–∞–∑–æ–≤–æ–π —Å—Ñ–µ—Ä–µ. #–†–æ—Å—Å–∏—è #–°–®–ê 

[–ü–æ–¥–ø–∏—Å–∞—Ç—å—Å—è] [| –°–∞–π—Ç]","Scale: 6  
Impact: 7  
Novelty: 5  
Potential: 6  
Legacy: 5  
Positivity: 4"
–ù—å—é—Å–∞—á/–î–≤–∞—á,"‚ùóÔ∏è–¢—Ä–∞–º–ø –æ–±–≤–∏–Ω–∏–ª –ò—Ä–∞–Ω –≤ –∫–æ–æ—Ä–¥–∏–Ω–∞—Ü–∏–∏ –∞—Ç–∞–∫ —Ö—É—Å–∏—Ç–æ–≤ –∏ –ø–æ–æ–±–µ—â–∞–ª, —á—Ç–æ –¢–µ–≥–µ—Ä–∞–Ω –≤–ø—Ä–µ–¥—å –ø–æ–Ω–µ—Å—ë—Ç –∑–∞ –Ω–∏—Ö ¬´—Ç—è–∂—ë–ª—ã–µ –ø–æ—Å–ª–µ–¥—Å—Ç–≤–∏—è¬ª",
–†–∞–Ω—å—à–µ –≤—Å–µ—Ö. –ù—É –ø–æ—á—Ç–∏.,"‚ùóÔ∏è–ü–µ—Å–∫–æ–≤ –Ω–∞–∑–≤–∞–ª –æ–ø–∞—Å–Ω–æ–π —Ç–µ–Ω–¥–µ–Ω—Ü–∏–µ–π –≤–µ–¥—É—â–∏–µ—Å—è –æ–±—Å—É–∂–¥–µ–Ω–∏—è –æ –≤–æ–∑–º–æ–∂–Ω–æ–π –æ—Ç–ø—Ä–∞–≤–∫–µ –Ω–∞—Ç–æ–≤—Å–∫–æ–≥–æ –∫–æ–Ω—Ç–∏–Ω–≥–µ–Ω—Ç–∞ –Ω–∞ –£–∫—Ä–∞–∏–Ω—É. 

""–≠—Ç–æ –∞–±—Å–æ–ª—é—Ç–Ω–æ –æ–ø–∞—Å–Ω–∞—è —Ç–µ–Ω–¥–µ–Ω—Ü–∏—è"", - —Å–∫–∞–∑–∞–ª –ü–µ—Å–∫–æ–≤ –∂—É—Ä–Ω–∞–ª–∏—Å—Ç–∞–º, –∫–æ–º–º–µ–Ω—Ç–∏—Ä—É—è –æ–±—Å—É–∂–¥–µ–Ω–∏—è –≤ –µ–≤—Ä–æ–ø–µ–π—Å–∫–∏—Ö —Å—Ç—Ä–∞–Ω–∞—Ö, –≤ —á–∞—Å—Ç–Ω–æ—Å—Ç–∏ –≤–æ –§—Ä–∞–Ω—Ü–∏–∏, –≤–æ–∑–º–æ–∂–Ω–æ–π –æ—Ç–ø—Ä–∞–≤–∫–∏ –∫–æ–Ω—Ç–∏–Ω–≥–µ–Ω—Ç–∞ –Ω–∞ –£–∫—Ä–∞–∏–Ω—É.",
–†–ò–ê –ù–æ–≤–æ—Å—Ç–∏,"‚ùóÔ∏è–¢—Ä–∞–º–ø –∑–∞—è–≤–∏–ª, —á—Ç–æ –ª—é–±–∞—è –ø–æ—Å–ª–µ–¥—É—é—â–∞—è [–∞—Ç–∞–∫–∞] —Ö—É—Å–∏—Ç–æ–≤ –ø–æ–ª—É—á–∏—Ç —Å–∏–ª–æ–≤–æ–π –æ—Ç–≤–µ—Ç –°–®–ê, –∏ ""–Ω–µ—Ç –≥–∞—Ä–∞–Ω—Ç–∏–π, —á—Ç–æ —ç—Ç–∏–º –æ–≥—Ä–∞–Ω–∏—á–∏—Ç—Å—è"".

–ü—Ä–µ–∑–∏–¥–µ–Ω—Ç –°–®–ê –æ–±–≤–∏–Ω–∏–ª –ò—Ä–∞–Ω –≤ –∫–æ–æ—Ä–¥–∏–Ω–∞—Ü–∏–∏ –∞—Ç–∞–∫ —Ö—É—Å–∏—Ç–æ–≤ –∏ –ø—Ä–∏–≥—Ä–æ–∑–∏–ª –¢–µ–≥–µ—Ä–∞–Ω—É —Ç—è–∂–µ–ª—ã–º–∏ –ø–æ—Å–ª–µ–¥—Å—Ç–≤–∏—è–º–∏.",
Varlamov News,"–ì—Ä—É–ø–ø–∞ ¬´–ö–∞—Å—Ç–∞¬ª —Å–æ–æ–±—â–∏–ª–∞, —á—Ç–æ –¥–∏—Å—Ç—Ä–∏–±—å—é—Ç–æ—Ä—ã Believe –∏ Tunecore —É–¥–∞–ª–∏–ª–∏ –º—É–∑—ã–∫—É –∫–æ–ª–ª–µ–∫—Ç–∏–≤–∞ —Å–æ —Å—Ç—Ä–∏–º–∏–Ω–≥–æ–≤ –≤ –†–æ—Å—Å–∏–∏:

¬´–ú—ã —ç—Ç–æ–≥–æ –Ω–µ –ø—Ä–æ—Å–∏–ª–∏. –°–º–æ—Ç—Ä–∏–º, –∫–∞–∫ —Å–¥–µ–ª–∞—Ç—å, —á—Ç–æ–± –æ–ø—è—Ç—å –º–æ–∂–Ω–æ –±—ã–ª–æ –Ω–∞—Å —Ç–∞–º —Å–ª—É—à–∞—Ç—å¬ª. 

–í —Å–µ–Ω—Ç—è–±—Ä–µ 2024 –≥–æ–¥–∞ –∞–ª—å–±–æ–º ¬´–ö–∞—Å—Ç—ã¬ª ¬´–ù–æ–≤–∏–Ω–∫–∏ –∑–∞—Ä—É–±–µ–∂–Ω–æ–≥–æ —Ä—ç–ø–∞¬ª —É–¥–∞–ª–∏–ª–∏ —Å–æ —Å—Ç—Ä–∏–º–∏–Ω–≥–æ–≤ –ø–æ —Ç—Ä–µ–±–æ–≤–∞–Ω–∏—é –†–æ—Å–∫–æ–º–Ω–∞–¥–∑–æ—Ä–∞. –û–¥–Ω–æ–≥–æ –∏–∑ —É—á–∞—Å—Ç–Ω–∏–∫–æ–≤ –≥—Ä—É–ø–ø—ã, –í–ª–∞–¥–∏ (–í–ª–∞–¥–∏—Å–ª–∞–≤–∞ –õ–µ—à–∫–µ–≤–∏—á–∞), –≤ —è–Ω–≤–∞—Ä–µ 2025 –≥–æ–¥–∞ –æ–±—ä—è–≤–∏–ª–∏ –∏–Ω–æ–∞–≥–µ–Ω—Ç–æ–º.",
–ú–µ–¥—É–∑–∞ ‚Äî LIVE,"–¶–µ–Ω—Ç—Ä ¬´–î–æ—Å—å–µ¬ª –≤—ã—è—Å–Ω–∏–ª, –∫—Ç–æ –æ—Ö—Ä–∞–Ω—è–µ—Ç –ü—É—Ç–∏–Ω–∞ –∏¬†–∫—Ç–æ –≥–æ—Ç–æ–≤–∏—Ç –µ–º—É –µ–¥—É. –¢–µ–ª–æ—Ö—Ä–∞–Ω–∏—Ç–µ–ª–∏ –Ω–∞—Ö–æ–¥—è—Ç—Å—è —Ä—è–¥–æ–º —Å¬†–Ω–∏–º –∫—Ä—É–≥–ª–æ—Å—É—Ç–æ—á–Ω–æ. –ü–æ–≤–∞—Ä–∞ –ø—Ä–æ—Ö–æ–¥—è—Ç –±–æ–µ–≤—É—é –∏¬†—Ç–∞–∫—Ç–∏—á–µ—Å–∫—É—é –ø–æ–¥–≥–æ—Ç–æ–≤–∫—É

–£¬†–í–ª–∞–¥–∏–º–∏—Ä–∞ –ü—É—Ç–∏–Ω–∞ –µ—Å—Ç—å —Ç–µ–ª–æ—Ö—Ä–∞–Ω–∏—Ç–µ–ª–∏, –∫–æ—Ç–æ—Ä—ã–µ –∑–∞–Ω–∏–º–∞—é—Ç—Å—è –Ω–µ¬†—Ç–æ–ª—å–∫–æ –∫—Ä—É–≥–ª–æ—Å—É—Ç–æ—á–Ω–æ–π –æ—Ö—Ä–∞–Ω–æ–π, –Ω–æ¬†–∏¬†–ø–æ–¥–≥–æ—Ç–æ–≤–∫–æ–π –ø–æ–µ–∑–¥–æ–∫ –ø—Ä–µ–∑–∏–¥–µ–Ω—Ç–∞, –ø—Ä–∏–≥–æ—Ç–æ–≤–ª–µ–Ω–∏–µ–º –µ–¥—ã –∏¬†–¥–∞–∂–µ —É–±–æ—Ä–∫–æ–π –ø–æ–º–µ—â–µ–Ω–∏–π, –≥–æ–≤–æ—Ä–∏—Ç—Å—è –≤¬†—Ä–∞—Å—Å–ª–µ–¥–æ–≤–∞–Ω–∏–∏, –æ–ø—É–±–ª–∏–∫–æ–≤–∞–Ω–Ω–æ–º —Ü–µ–Ω—Ç—Ä–æ–º ¬´–î–æ—Å—å–µ¬ª. 

–ñ—É—Ä–Ω–∞–ª–∏—Å—Ç—ã –∏–¥–µ–Ω—Ç–∏—Ñ–∏—Ü–∏—Ä–æ–≤–∞–ª–∏ –±–æ–ª–µ–µ 30 –ø–µ—Ä—Å–æ–Ω–∞–ª—å–Ω—ã—Ö —Ç–µ–ª–æ—Ö—Ä–∞–Ω–∏—Ç–µ–ª–µ–π –ü—É—Ç–∏–Ω–∞. ¬´–î–æ—Å—å–µ¬ª —Ä–∞—Å—Å–∫–∞–∑—ã–≤–∞–µ—Ç, –∫—Ç–æ –ø–æ—Å—Ç–æ—è–Ω–Ω–æ –Ω–∞—Ö–æ–¥–∏—Ç—Å—è —Ä—è–¥–æ–º —Å¬†–ø—Ä–µ–∑–∏–¥–µ–Ω—Ç–æ–º, –∫–∞–∫ –µ–≥–æ –æ—Ö—Ä–∞–Ω—è—é—Ç –∏¬†–∫–∞–∫–∏–µ –∫–∞—Ä—å–µ—Ä–Ω—ã–µ –≤–æ–∑–º–æ–∂–Ω–æ—Å—Ç–∏ –¥–æ—Å—Ç—É–ø–Ω—ã —Å–∞–º—ã–º –Ω–∞–¥–µ–∂–Ω—ã–º —Å–æ—Ç—Ä—É–¥–Ω–∏–∫–∞–º.

‚Äî‚Äî‚Äî

–û—Ç–∫—Ä—ã—Ç—å [—Å VPN] | [–±–µ–∑ VPN]",
BRIEFLY,"Forbes: –≠–∫—Å–ø–µ—Ä—Ç—ã –≤ –æ–±–ª–∞—Å—Ç–∏ —ç–Ω–µ—Ä–≥–µ—Ç–∏–∫–∏ —Å—á–∏—Ç–∞—é—Ç, —á—Ç–æ –Ω—ã–Ω–µ—à–Ω–∏–µ —Ü–µ–Ω—ã –Ω–∞ –Ω–µ—Ñ—Ç—å –º–æ–≥—É—Ç –ø—Ä–∏–≤–µ—Å—Ç–∏ –∫ –∫—Ä–∏–∑–∏—Å—É –≤ –±—É–¥—É—â–µ–º

‚ñ™Ô∏è–ì–∞—Ä–æ–ª—å–¥ –•—ç–º–º, –æ—Å–Ω–æ–≤–∞—Ç–µ–ª—å –∏ –ø—Ä–µ–¥—Å–µ–¥–∞—Ç–µ–ª—å —Å–æ–≤–µ—Ç–∞ –¥–∏—Ä–µ–∫—Ç–æ—Ä–æ–≤ Continental Resources, –Ω–µ–¥–∞–≤–Ω–æ –ø–æ–¥—á–µ—Ä–∫–Ω—É–ª –ø—Ä–æ–±–ª–µ–º—ã, —Å –∫–æ—Ç–æ—Ä—ã–º–∏ —Å—Ç–∞–ª–∫–∏–≤–∞—é—Ç—Å—è –∞–º–µ—Ä–∏–∫–∞–Ω—Å–∫–∏–µ –ø—Ä–æ–∏–∑–≤–æ–¥–∏—Ç–µ–ª–∏ —Å–ª–∞–Ω—Ü–µ–≤–æ–π –Ω–µ—Ñ—Ç–∏ –ø—Ä–∏ –Ω—ã–Ω–µ—à–Ω–µ–º —É—Ä–æ–≤–Ω–µ —Ü–µ–Ω. –û–Ω –æ—Ç–º–µ—Ç–∏–ª, —á—Ç–æ –º–Ω–æ–≥–∏–µ –º–µ—Å—Ç–æ—Ä–æ–∂–¥–µ–Ω–∏—è –±–æ—Ä—é—Ç—Å—è –∑–∞ —Å–æ—Ö—Ä–∞–Ω–µ–Ω–∏–µ –∂–∏–∑–Ω–µ—Å–ø–æ—Å–æ–±–Ω–æ—Å—Ç–∏. –•—ç–º–º –ø—Ä–µ–¥—É–ø—Ä–µ–¥–∏–ª: ¬´–ö–æ–≥–¥–∞ —Ü–µ–Ω–∞ –ø—Ä–µ–¥–ª–æ–∂–µ–Ω–∏—è —Å—Ç–∞–Ω–æ–≤–∏—Ç—Å—è –Ω–∏–∂–µ, –≤—ã –Ω–µ –º–æ–∂–µ—Ç–µ ¬´–±—É—Ä–∏—Ç—å, –±—É—Ä–∏—Ç—å, –±—É—Ä–∏—Ç—å¬ª.

‚ñ™Ô∏è–≠—Ç—É –∂–µ –º—ã—Å–ª—å –Ω–µ–¥–∞–≤–Ω–æ –ø–æ–≤—Ç–æ—Ä–∏–ª –æ—Å–Ω–æ–≤–∞—Ç–µ–ª—å –∫–æ–º–ø–∞–Ω–∏–∏ Pioneer Natural Resources –°–∫–æ—Ç—Ç –®–µ—Ñ—Ñ–∏–ª–¥, –∫–æ—Ç–æ—Ä—ã–π –ø–æ–¥—á–µ—Ä–∫–Ω—É–ª –Ω–µ—Ü–µ–ª–µ—Å–æ–æ–±—Ä–∞–∑–Ω–æ—Å—Ç—å —É–≤–µ–ª–∏—á–µ–Ω–∏—è –¥–æ–±—ã—á–∏ –≤ —É—Å–ª–æ–≤–∏—è—Ö —Ä–∞—Å—Ç—É—â–∏—Ö –∑–∞—Ç—Ä–∞—Ç –∏ —Å–Ω–∏–∂–µ–Ω–∏—è —Ü–µ–Ω. –®–µ—Ñ—Ñ–∏–ª–¥, –∫–æ—Ç–æ—Ä—ã–π –Ω–µ–¥–∞–≤–Ω–æ –ø—Ä–æ–¥–∞–ª –∫–æ–º–ø–∞–Ω–∏—é Exxon, –æ—Ç–º–µ—Ç–∏–ª, —á—Ç–æ —É –∫–æ–º–ø–∞–Ω–∏–π –ø—Ä–æ—Å—Ç–æ ¬´–∑–∞–∫–∞–Ω—á–∏–≤–∞—é—Ç—Å—è –∑–∞–ø–∞—Å—ã¬ª.

‚ñ™Ô∏è–≠—Ç–æ —Å—É—Ä–æ–≤—ã–µ –ø—Ä–µ–¥—É–ø—Ä–µ–∂–¥–µ–Ω–∏—è. –û–¥–Ω–∞–∫–æ –≤–∞–∂–Ω–æ –æ–ø—É—Å—Ç–∏—Ç—å —Ç–æ—Ç —Ñ–∞–∫—Ç, —á—Ç–æ –º–Ω–æ–≥–∏–µ –±—É–¥—É—â–∏–µ –∑–∞–ø–∞—Å—ã –≤ –Ω–µ—Ñ—Ç–µ–≥–∞–∑–æ–≤–æ–π –æ—Ç—Ä–∞—Å–ª–∏ –∑–∞–≤–∏—Å—è—Ç –æ—Ç —Ç–µ–∫—É—â–µ–π —Ü–µ–Ω–æ–≤–æ–π –∫–æ–Ω—ä—é–Ω–∫—Ç—É—Ä—ã; –º–Ω–æ–≥–∏–µ –º–µ—Å—Ç–æ—Ä–æ–∂–¥–µ–Ω–∏—è —Å—Ç–∞–Ω—É—Ç –¥–æ—Å—Ç—É–ø–Ω—ã–º–∏, –∫–∞–∫ —Ç–æ–ª—å–∫–æ —Ü–µ–Ω—ã —Å–Ω–æ–≤–∞ –≤—ã—Ä–∞—Å—Ç—É—Ç, —á—Ç–æ —Å–Ω–∏–∂–∞–µ—Ç –Ω–µ–∫–æ—Ç–æ—Ä—ã–µ —Ä–∏—Å–∫–∏. 

‚ñ™Ô∏è–°–ª–∞–Ω—Ü–µ–≤–∞—è –Ω–µ—Ñ—Ç—å –°–®–ê –±—ã–ª–∞ –æ—Å–Ω–æ–≤–Ω—ã–º –∏—Å—Ç–æ—á–Ω–∏–∫–æ–º —Ä–æ—Å—Ç–∞ –ø—Ä–µ–¥–ª–æ–∂–µ–Ω–∏—è –≤ —Ç–µ—á–µ–Ω–∏–µ –ø–æ—Å–ª–µ–¥–Ω–µ–≥–æ –¥–µ—Å—è—Ç–∏–ª–µ—Ç–∏—è, –∏ –∑–∞–º–µ–¥–ª–µ–Ω–∏–µ —Ä–æ—Å—Ç–∞ –º–æ–∂–µ—Ç –ø—Ä–∏–≤–µ—Å—Ç–∏ –∫ –±—É–¥—É—â–∏–º —Å–∫–∞—á–∫–∞–º —Ü–µ–Ω. –ù–æ –Ω–∏–∫—Ç–æ –Ω–µ —Ö–æ—á–µ—Ç —Å–∫–∞—á–∫–æ–≤ —Ü–µ–Ω, –ø–æ—Å–∫–æ–ª—å–∫—É –æ–Ω–∏ –ø–æ–¥–∞–≤–ª—è—é—Ç —Å–ø—Ä–æ—Å, –ø–æ–≤—ã—à–∞—é—Ç –∏–Ω—Ñ–ª—è—Ü–∏—é –∏ —Å—Ç–∞–≤–∫–∏ –∏ –≤ –∏—Ç–æ–≥–µ –Ω–∞–Ω–æ—Å—è—Ç —É—â–µ—Ä–± —Ç–æ–º—É —Å–∞–º–æ–º—É —Å–µ–∫—Ç–æ—Ä—É, –∫–æ—Ç–æ—Ä—ã–π, –ø–æ –º–Ω–µ–Ω–∏—é –ª—é–¥–µ–π, –ø—Ä–∏–Ω–æ—Å–∏—Ç –ø–æ–ª—å–∑—É.

‚ñ™Ô∏è–ñ–∏—Ç–µ–ª–∏ –∏ –ø–æ–ª–∏—Ç–∏–∫–∏ –°–µ–≤–µ—Ä–Ω–æ–π –ê–º–µ—Ä–∏–∫–∏ —É–∂–µ –¥–∞–≤–Ω–æ —Å—á–∏—Ç–∞—é—Ç, —á—Ç–æ —ç–Ω–µ—Ä–≥–∏—è –Ω–∞–∏–±–æ–ª–µ–µ –≤—ã–≥–æ–¥–Ω–∞, –∫–æ–≥–¥–∞ –æ–Ω–∞ –º–∞–∫—Å–∏–º–∞–ª—å–Ω–æ –¥–µ—à–µ–≤–∞. –ë—ã–ª –ø–µ—Ä–∏–æ–¥, –∫–æ–≥–¥–∞ —ç—Ç–æ –±—ã–ª–æ –ø—Ä–∞–≤–¥–æ–π, –Ω–æ —Ç–µ–ø–µ—Ä—å, —Å —Ä–æ—Å—Ç–æ–º —Å–ª–∞–Ω—Ü–µ–≤—ã—Ö –º–µ—Å—Ç–æ—Ä–æ–∂–¥–µ–Ω–∏–π, —ç–Ω–µ—Ä–≥–µ—Ç–∏–∫–∞ —Å—Ç–∞–ª–∞ –æ–¥–Ω–∏–º –∏–∑ —Å–∞–º—ã—Ö –∑–Ω–∞—á–∏—Ç–µ–ª—å–Ω—ã—Ö —Ñ–∞–∫—Ç–æ—Ä–æ–≤, —Å–ø–æ—Å–æ–±—Å—Ç–≤—É—é—â–∏—Ö —Ä–∞–∑–≤–∏—Ç–∏—é –ø—Ä–æ–∏–∑–≤–æ–¥—Å—Ç–≤–∞ –≤ –°–®–ê. 

‚ñ™Ô∏è–°–®–ê ‚Äî –æ–¥–∏–Ω –∏–∑ –∫—Ä—É–ø–Ω–µ–π—à–∏—Ö –≤ –º–∏—Ä–µ –ø—Ä–æ–∏–∑–≤–æ–¥–∏—Ç–µ–ª–µ–π –Ω–µ—Ñ—Ç–∏ –∏ –≥–∞–∑–∞, –æ–±–µ—Å–ø–µ—á–∏–≤–∞—é—â–∏–π —Å—Ç—Ä–∞—Ç–µ–≥–∏—á–µ—Å–∫—É—é –±–µ–∑–æ–ø–∞—Å–Ω–æ—Å—Ç—å –∏ –ø—Ä–æ–∏–∑–≤–æ–¥—Å—Ç–≤–µ–Ω–Ω–æ–µ –ø—Ä–µ–∏–º—É—â–µ—Å—Ç–≤–æ. –ü—Ä–∏ –Ω—ã–Ω–µ—à–Ω–µ–º —É—Ä–æ–≤–Ω–µ —Ü–µ–Ω –Ω–∞ –Ω–µ—Ñ—Ç—å —ç—Ç–æ—Ç –ø—Ä–æ–≥—Ä–µ—Å—Å –º–æ–∂–µ—Ç —Å–æ–π—Ç–∏ –Ω–∞ –Ω–µ—Ç. –≠—Ç–æ —Å–ø—Ä–∞–≤–µ–¥–ª–∏–≤–æ –∏ –¥–ª—è –ö–∞–Ω–∞–¥—ã, –≥–¥–µ —Å–µ–∫—Ç–æ—Ä –ø—Ä–∏—Ä–æ–¥–Ω—ã—Ö —Ä–µ—Å—É—Ä—Å–æ–≤ –±—ã–ª –æ–¥–Ω–∏–º –∏–∑ –æ—Å–Ω–æ–≤–Ω—ã—Ö –∏—Å—Ç–æ—á–Ω–∏–∫–æ–≤ –Ω–µ–¥–∞–≤–Ω–µ–≥–æ —Ä–æ—Å—Ç–∞ —á–∏—Å–ª–∞ —Ä–∞–±–æ—á–∏—Ö –º–µ—Å—Ç –≤ —á–∞—Å—Ç–Ω–æ–º —Å–µ–∫—Ç–æ—Ä–µ —ç–∫–æ–Ω–æ–º–∏–∫–∏, –∫–æ—Ç–æ—Ä–∞—è –≤ —Ç–µ—á–µ–Ω–∏–µ –ø–æ—Å–ª–µ–¥–Ω–∏—Ö –Ω–µ—Å–∫–æ–ª—å–∫–∏—Ö –ª–µ—Ç —Å —Ç—Ä—É–¥–æ–º —É–≤–µ–ª–∏—á–∏–≤–∞–ª–∞ –∫–æ–ª–∏—á–µ—Å—Ç–≤–æ —Ä–∞–±–æ—á–∏—Ö –º–µ—Å—Ç –≤ —á–∞—Å—Ç–Ω–æ–º —Å–µ–∫—Ç–æ—Ä–µ.

‚ñ™Ô∏è–í—Ç–æ—Ä–æ–µ —É–Ω–∏–∫–∞–ª—å–Ω–æ–µ –ø—Ä–µ–∏–º—É—â–µ—Å—Ç–≤–æ –Ω–µ–º–Ω–æ–≥–æ –±–æ–ª–µ–µ –≤—ã—Å–æ–∫–∏—Ö —Ü–µ–Ω –Ω–∞ –Ω–µ—Ñ—Ç—å –∑–∞–∫–ª—é—á–∞–µ—Ç—Å—è –≤ —Ç–æ–º, —á—Ç–æ –°–®–ê –Ω—É–∂–Ω–æ –±–æ–ª—å—à–µ –≥–ª–æ–±–∞–ª—å–Ω—ã—Ö –ø–æ–∫—É–ø–∞—Ç–µ–ª–µ–π –∫–∞–∑–Ω–∞—á–µ–π—Å–∫–∏—Ö –æ–±–ª–∏–≥–∞—Ü–∏–π. –î–µ—Ñ–∏—Ü–∏—Ç –ø—Ä–æ–¥–æ–ª–∂–∞–µ—Ç —Ä–∞—Å—Ç–∏, –∏ –∫–∞–∂–¥—ã–π —Ä–∞–∑, –∫–æ–≥–¥–∞ –ø–æ–∫—É–ø–∞—Ç–µ–ª–∏ –Ω–µ –ø—Ä–∏—Ö–æ–¥—è—Ç –Ω–∞ –∫–∞–∑–Ω–∞—á–µ–π—Å–∫–∏–µ –∞—É–∫—Ü–∏–æ–Ω—ã, –ø—Ä–æ—Ü–µ–Ω—Ç–Ω—ã–µ —Å—Ç–∞–≤–∫–∏, –∫–æ—Ç–æ—Ä—ã–µ —Ç—Ä–µ–±—É–µ—Ç —Ä—ã–Ω–æ–∫, —Å—Ç–∞–Ω–æ–≤—è—Ç—Å—è –≤—ã—à–µ. –≠—Ç–æ —Å—Ç–∞–Ω–æ–≤–∏—Ç—Å—è –æ–ø–∞—Å–Ω—ã–º —Ü–∏–∫–ª–æ–º, –ø–æ—Å–∫–æ–ª—å–∫—É –≤ –∏—Ç–æ–≥–µ –≤—ã –ø—Ä–æ—Å—Ç–æ —Å–æ–±–∏—Ä–∞–µ—Ç–µ –¥–µ–Ω—å–≥–∏ –¥–ª—è –≤—ã–ø–ª–∞—Ç—ã –ø—Ä–æ—Ü–µ–Ω—Ç–æ–≤, —á—Ç–æ –Ω–µ –Ω—Ä–∞–≤–∏—Ç—Å—è –∏–Ω–≤–µ—Å—Ç–æ—Ä–∞–º –∏ —Ç—Ä–µ–±—É–µ—Ç –µ—â–µ –±–æ–ª–µ–µ –≤—ã—Å–æ–∫–∏—Ö –ø—Ä–æ—Ü–µ–Ω—Ç–Ω—ã—Ö —Å—Ç–∞–≤–æ–∫. 

‚ñ™Ô∏è–ü—Ä–æ–±–ª–µ–º–∞ —Å—Ç–∞–Ω–æ–≤–∏—Ç—Å—è —Å–∞–º–æ—Ä–µ–∞–ª–∏–∑—É—é—â–µ–π—Å—è. –ü—Ä–∞–≤–∏—Ç–µ–ª—å—Å—Ç–≤–∞ –≤—Å–µ–≥–¥–∞ –º–æ–≥—É—Ç –Ω–∞–ø–µ—á–∞—Ç–∞—Ç—å –¥–µ–Ω—å–≥–∏, –∫—É–ø–∏—Ç—å —Å–æ–±—Å—Ç–≤–µ–Ω–Ω—ã–µ –æ–±–ª–∏–≥–∞—Ü–∏–∏, –∞ –∑–∞—Ç–µ–º –≤–∑—è—Ç—å –Ω–∞ —Å–µ–±—è –æ–±—è–∑–∞—Ç–µ–ª—å—Å—Ç–≤–æ –¥–µ–≤–∞–ª—å–≤–∏—Ä–æ–≤–∞—Ç—å –≤–∞–ª—é—Ç—É. –û–Ω–∏ —Ç–∞–∫–∂–µ –º–æ–≥—É—Ç –∑–∞—Å—Ç–∞–≤–∏—Ç—å –≤–Ω—É—Ç—Ä–µ–Ω–Ω–∏–µ –±–∞–Ω–∫–∏ –¥–µ—Ä–∂–∞—Ç—å –±–æ–ª—å—à–µ –¥–µ–Ω–µ–≥, –Ω–æ —Ç–æ–≥–¥–∞ –æ–Ω–∏ –≤—ã—Ç–µ—Å–Ω—è—Ç –≤–æ–∑–º–æ–∂–Ω–æ—Å—Ç–∏ –¥–ª—è —á–∞—Å—Ç–Ω—ã—Ö –∏–Ω–≤–µ—Å—Ç–∏—Ü–∏–π. –í–æ—Ç –ø–æ—á–µ–º—É –≤–∞–º –Ω—É–∂–Ω—ã –∏–Ω–æ—Å—Ç—Ä–∞–Ω–Ω—ã–µ –ø–æ–∫—É–ø–∞—Ç–µ–ª–∏, –Ω–æ –ø–æ–∫—É–ø–∞—Ç–µ–ª–∏ –∫–∞–∑–Ω–∞—á–µ–π—Å–∫–∏—Ö –æ–±—è–∑–∞—Ç–µ–ª—å—Å—Ç–≤ –Ω–µ –ø–æ—è–≤–ª—è—é—Ç—Å—è –∏–∑ –Ω–∏–æ—Ç–∫—É–¥–∞. 

‚ñ™Ô∏è–ú–Ω–æ–≥–∏–µ —Å—Ç—Ä–∞–Ω—ã, –≤ –ø–µ—Ä–≤—É—é –æ—á–µ—Ä–µ–¥—å –ö–∏—Ç–∞–π –∏ –Ø–ø–æ–Ω–∏—è, —É–∂–µ –¥–æ—Å—Ç–∏–≥–ª–∏ –º–∞–∫—Å–∏–º–∞–ª—å–Ω–æ–≥–æ –æ–±—ä–µ–º–∞ –∫–∞–∑–Ω–∞—á–µ–π—Å–∫–∏—Ö –æ–±—è–∑–∞—Ç–µ–ª—å—Å—Ç–≤ –Ω–µ—Å–∫–æ–ª—å–∫–æ –ª–µ—Ç –Ω–∞–∑–∞–¥. –û–Ω–∏ –ª–∏–±–æ –ø–µ—Ä–µ—Å—Ç–∞–ª–∏ –ø–æ–∫—É–ø–∞—Ç—å, –ª–∏–±–æ –ø—Ä–æ–¥–∞—é—Ç –∑–Ω–∞—á–∏—Ç–µ–ª—å–Ω—ã–µ –æ–±—ä–µ–º—ã, –∫–∞–∫ –≤ —Å–ª—É—á–∞–µ —Å –ö–∏—Ç–∞–µ–º. –û–¥–∏–Ω –∏–∑ –Ω–µ–º–Ω–æ–≥–∏—Ö —Å–ø–æ—Å–æ–±–æ–≤ —É–≤–∏–¥–µ—Ç—å –Ω–æ–≤—ã—Ö –ø–æ—Ç–µ–Ω—Ü–∏–∞–ª—å–Ω—ã—Ö –ø–æ–∫—É–ø–∞—Ç–µ–ª–µ–π ‚Äî —ç—Ç–æ –Ω–∞–π—Ç–∏ —Å—Ç—Ä–∞–Ω—ã, –∫–æ—Ç–æ—Ä—ã–µ —ç–∫—Å–ø–æ—Ä—Ç–∏—Ä—É—é—Ç –º–Ω–æ–≥–æ –¥–æ—Ä–æ–≥–æ—Å—Ç–æ—è—â–∏—Ö —Ç–æ–≤–∞—Ä–æ–≤ –∏–ª–∏ —Å—ã—Ä—å—è –ø–æ —Ü–µ–Ω–µ –≤ –¥–æ–ª–ª–∞—Ä–∞—Ö –°–®–ê, –∞ –∑–∞—Ç–µ–º –Ω—É–∂–¥–∞—é—Ç—Å—è –≤ –º–µ—Å—Ç–µ –¥–ª—è —Ö—Ä–∞–Ω–µ–Ω–∏—è –¥–µ–Ω–µ–≥. –ü–æ—Å–ª–µ–¥–Ω–µ–µ –ø—Ä–µ–¥–ª–æ–∂–µ–Ω–∏–µ –æ–ø–∏—Å—ã–≤–∞–µ—Ç –º–Ω–æ–≥–∏–µ –∏–∑ –Ω—ã–Ω–µ—à–Ω–∏—Ö –∏ –±—É–¥—É—â–∏—Ö –Ω–µ—Ñ—Ç–µ–¥–æ–±—ã–≤–∞—é—â–∏—Ö —Å—Ç—Ä–∞–Ω –º–∏—Ä–∞.

‚ñ™Ô∏è–≠—Ç–∏ –¥–≤–∞ —Ñ–∞–∫—Ç–æ—Ä–∞, –≤–µ—Ä–æ—è—Ç–Ω–æ, –¥–µ–ª–∞—é—Ç –æ–ø—Ç–∏–º–∞–ª—å–Ω—É—é —Ü–µ–Ω—É –Ω–∞ –Ω–µ—Ñ—Ç—å –¥–ª—è –ê–º–µ—Ä–∏–∫–∏ –Ω–µ–º–Ω–æ–≥–æ –≤—ã—à–µ —Å –∫–∞–∂–¥—ã–º –≥–æ–¥–æ–º. –ù–µ–º–Ω–æ–≥–æ –±–æ–ª–µ–µ –≤—ã—Å–æ–∫–∞—è —Ü–µ–Ω–∞ –ø–æ–¥–¥–µ—Ä–∂–∏–≤–∞–µ—Ç –º–æ—â—å –æ—Ç–µ—á–µ—Å—Ç–≤–µ–Ω–Ω–æ–≥–æ –ø—Ä–æ–∏–∑–≤–æ–¥—Å—Ç–≤–∞, –ø—Ä–µ–¥–æ—Ç–≤—Ä–∞—â–∞–µ—Ç —Å–∫–∞—á–æ–∫ —Ü–µ–Ω –∏ —Å–ø–æ—Å–æ–±—Å—Ç–≤—É–µ—Ç –¥–æ—Å—Ç–∏–∂–µ–Ω–∏—é –¥–æ–ª–≥–æ—Å—Ä–æ—á–Ω—ã—Ö —Ñ–∏–Ω–∞–Ω—Å–æ–≤—ã—Ö —Ü–µ–ª–µ–π. –†–µ–∑–∫–æ–µ –ø–∞–¥–µ–Ω–∏–µ —Ü–µ–Ω, –ø—Ä–æ–¥–æ–ª–∂–µ–Ω–∏–µ –Ω–µ–¥–∞–≤–Ω–µ–π —Ç–µ–Ω–¥–µ–Ω—Ü–∏–∏, —Å–∫–æ—Ä–µ–µ –≤—Å–µ–≥–æ, –ø—Ä–∏–≤–µ–¥–µ—Ç –∫ –æ–±—Ä–∞—Ç–Ω–æ–º—É —Ä–µ–∑—É–ª—å—Ç–∞—Ç—É, —Ç–∞–∫ –∫–∞–∫ –≤—ã—Ç–µ—Å–Ω–∏—Ç –≤–µ–¥—É—â—É—é —Å–µ–≤–µ—Ä–æ–∞–º–µ—Ä–∏–∫–∞–Ω—Å–∫—É—é –ø—Ä–æ–º—ã—à–ª–µ–Ω–Ω–æ—Å—Ç—å –∏ –æ–±–µ—Å–ø–µ—á–∏—Ç —Å–∫–∞—á–æ–∫ —Ü–µ–Ω –∏ –ø–æ–≤—ã—à–µ–Ω–∏–µ —Ç–∞—Ä–∏—Ñ–æ–≤ –≤ –±—É–¥—É—â–µ–º. #–°–®–ê[
]
–ü–æ–¥–ø–∏—Å–∞—Ç—å—Å—è] [| –°–∞–π—Ç]",
–ù—å—é—Å–∞—á/–î–≤–∞—á,"‚ùóÔ∏è–ü—É—Ç–∏–Ω –ø—Ä–æ–≤—ë–ª –ø–µ—Ä–µ–≥–æ–≤–æ—Ä—ã —Å –ø—Ä–µ–∑–∏–¥–µ–Ω—Ç–æ–º –¢–∞–¥–∂–∏–∫–∏—Å—Ç–∞–Ω–∞, –≥–ª–∞–≤–Ω–æ–µ:

‚Äî –ü–æ—Ä—è–¥–∫–∞ –º–∏–ª–ª–∏–æ–Ω–∞ –≥—Ä–∞–∂–¥–∞–Ω –¢–∞–¥–∂–∏–∫–∏—Å—Ç–∞–Ω–∞ –∂–∏–≤—É—Ç –∏ —Ä–∞–±–æ—Ç–∞—é—Ç –≤ –†–æ—Å—Å–∏–∏, –≤–Ω–æ—Å—è—Ç –±–æ–ª—å—à–æ–π –≤–∫–ª–∞–¥ –≤ —Ä–∞–∑–≤–∏—Ç–∏–µ —ç–∫–æ–Ω–æ–º–∏–∫–∏ —Å—Ç—Ä–∞–Ω—ã;

‚Äî –†–æ—Å—Å–∏—è —Å—Ç—Ä–µ–º–∏—Ç—Å—è –æ–±–µ—Å–ø–µ—á–∏—Ç—å —Ç–∞–¥–∂–∏–∫–∏—Å—Ç–∞–Ω—Ü–∞–º –¥–æ—Å—Ç–æ–π–Ω—ã–µ —É—Å–ª–æ–≤–∏—è —Ç—Ä—É–¥–∞ –≤ –†–§;

‚Äî –ú–æ—Å–∫–≤–∞ —è–≤–ª—è–µ—Ç—Å—è –æ–¥–Ω–∏–º –∏–∑ –∫–ª—é—á–µ–≤—ã—Ö –∏–Ω–≤–µ—Å—Ç–æ—Ä–æ–≤ –≤ —ç–∫–æ–Ω–æ–º–∏–∫—É —Ä–µ—Å–ø—É–±–ª–∏–∫–∏;

‚Äî –†–æ—Å—Å–∏—è –ø—Ä–∞–∫—Ç–∏—á–µ—Å–∫–∏ –ø–æ–ª–Ω–æ—Å—Ç—å—é –ø–æ–∫—Ä—ã–≤–∞–µ—Ç –ø–æ—Ç—Ä–µ–±–Ω–æ—Å—Ç–∏ —ç–∫–æ–Ω–æ–º–∏–∫–∏ –¢–∞–¥–∂–∏–∫–∏—Å—Ç–∞–Ω–∞ –≤ —É–≥–ª–µ–≤–æ–¥–æ—Ä–æ–¥–∞—Ö;

‚Äî –†–æ—Å—Å–∏–π—Å–∫–∏–µ –∫–æ–º–ø–∞–Ω–∏–∏ –≥–æ—Ç–æ–≤—ã –∏ –¥–∞–ª–µ–µ –ø–æ–º–æ–≥–∞—Ç—å –¢–∞–¥–∂–∏–∫–∏—Å—Ç–∞–Ω—É –≤ —ç–∫—Å–ø–ª—É–∞—Ç–∞—Ü–∏–∏ –∏ –º–æ–¥–µ—Ä–Ω–∏–∑–∞—Ü–∏–∏ —Å—É—â–µ—Å—Ç–≤—É—é—â–∏—Ö –º–æ—â–Ω–æ—Å—Ç–µ–π –≥–µ–Ω–µ—Ä–∞—Ü–∏–∏;

‚Äî –û—Ç–Ω–æ—à–µ–Ω–∏—è –º–µ–∂–¥—É –†–æ—Å—Å–∏–µ–π –∏ –¢–∞–¥–∂–∏–∫–∏—Å—Ç–∞–Ω–æ–º –Ω–æ—Å—è—Ç —Å–æ—é–∑–Ω–∏—á–µ—Å–∫–∏–π –∏ —Å—Ç—Ä–∞—Ç–µ–≥–∏—á–µ—Å–∫–∏–π —Ö–∞—Ä–∞–∫—Ç–µ—Ä.",
–†–∞–Ω—å—à–µ –≤—Å–µ—Ö. –ù—É –ø–æ—á—Ç–∏.,"‚ùóÔ∏è–û—Ñ–∏—Ü–∏–∞–ª—å–Ω—ã–π –∫—É—Ä—Å –¥–æ–ª–ª–∞—Ä–∞ –¶–ë –Ω–∏–∂–µ 85 —Ä—É–±–ª–µ–π –≤–ø–µ—Ä–≤—ã–µ —Å 6 –∞–≤–≥—É—Å—Ç–∞ 2024 –≥–æ–¥–∞

–ö—É—Ä—Å –≤–∞–ª—é—Ç –Ω–∞ 18 –º–∞—Ä—Ç–∞ 2025 –≥–æ–¥–∞:
üá∫üá∏¬†–¥–æ–ª–ª–∞—Ä ‚Äî 84,31 (-1,26);
üá™üá∫¬†–µ–≤—Ä–æ ‚Äî 90,84 (-2,76);
üá®üá≥¬†—é–∞–Ω—å ‚Äî 11,60 (-0,22).",
–†–ò–ê –ù–æ–≤–æ—Å—Ç–∏,"–ü–µ—Å–∫–æ–≤ –∑–∞—è–≤–∏–ª, —á—Ç–æ –µ–≤—Ä–æ–ø–µ–π—Ü—ã, –æ–±—Å—É–∂–¥–∞—è —Ä–∞–∑–º–µ—â–µ–Ω–∏–µ –∫–æ–Ω—Ç–∏–Ω–≥–µ–Ω—Ç–∞ –ù–ê–¢–û –Ω–∞ –£–∫—Ä–∞–∏–Ω–µ, —Å–æ–±–∏—Ä–∞—é—Ç—Å—è —Ç–µ–º —Å–∞–º—ã–º —Å–æ–∑–¥–∞—Ç—å –¥–æ–ø–æ–ª–Ω–∏—Ç–µ–ª—å–Ω—ã–µ –ø–µ—Ä–≤–æ–ø—Ä–∏—á–∏–Ω—ã –∫–æ–Ω—Ñ–ª–∏–∫—Ç–∞.

–ü–æ –µ–≥–æ —Å–ª–æ–≤–∞–º, –∂–∏–∑–Ω–µ—Å–ø–æ—Å–æ–±–Ω–æ–µ —É—Ä–µ–≥—É–ª–∏—Ä–æ–≤–∞–Ω–∏–µ –∫–æ–Ω—Ñ–ª–∏–∫—Ç–∞ –≤–æ–∑–º–æ–∂–Ω–æ —Ç–æ–ª—å–∫–æ —Å —É—á–µ—Ç–æ–º –∏ —Å —Ä–µ—à–µ–Ω–∏–µ–º –µ–≥–æ –ø–µ—Ä–≤–æ–ø—Ä–∏—á–∏–Ω.",
